rank,player_name,rank_points
1,Jannik Sinner,"10,430"
2,Carlos Alcaraz,"9,300"
3,Alexander Zverev,"6,500"
4,Jack Draper,"4,650"
5,Taylor Fritz,"4,635"
6,Novak Djokovic,"4,630"
7,Lorenzo Musetti,"4,140"
8,Holger Rune,"3,530"
9,Daniil Medvedev,"3,420"
10,Ben Shelton,"3,130"
11,Alex de Minaur,"3,085"
12,Frances Tiafoe,"2,990"
13,Tommy Paul,"2,970"
14,Andrey Rublev,"2,920"
15,Casper Ruud,"2,905"
16,Arthur Fils,"2,830"
17,Jakub Mensik,"2,356"
18,Ugo Humbert,"2,285"
19,Francisco Cerundolo,"2,285"
20,Karen Khachanov,"2,240"
21,Grigor Dimitrov,"2,155"
22,Alexei Popyrin,"2,140"
23,Tomas Machac,"2,110"
24,Flavio Cobolli,"2,035"
25,Jiri Lehecka,"1,965"
26,Stefanos Tsitsipas,"1,920"
27,Alejandro Davidovich Fokina,"1,845"
28,Felix Auger-Aliassime,"1,825"
29,Tallon Griekspoor,"1,755"
30,Denis Shapovalov,"1,676"
31,Alexander Bublik,"1,675"
32,Alex Michelsen,"1,670"
33,Sebastian Korda,"1,655"
34,Brandon Nakashima,"1,650"
35,Matteo Berrettini,"1,515"
36,Giovanni Mpetshi Perricard,"1,411"
37,Nuno Borges,"1,400"
38,Sebastian Baez,"1,370"
39,Hubert Hurkacz,"1,335"
40,Gabriel Diallo,"1,322"
41,Alexandre Muller,"1,311"
42,Roberto Bautista Agut,"1,236"
43,Matteo Arnaldi,"1,215"
44,Jordan Thompson,"1,200"
45,Marcos Giron,"1,200"
46,Quentin Halys,"1,174"
47,Lorenzo Sonego,"1,171"
48,Gael Monfils,"1,165"
49,Miomir Kecmanovic,"1,106"
50,Zizou Bergs,"1,079"
51,Jacob Fearnley,"1,060"
52,Pedro Martinez,"1,030"
53,Tomas Martin Etcheverry,"1,025"
54,Joao Fonseca,"1,016"
55,Jaume Munar,"1,012"
56,Camilo Ugo Carabelli,"1,006"
57,Daniel Altmaier,998
58,Fabian Marozsan,990
59,Luciano Darderi,989
60,Laslo Djere,961
61,Cameron Norrie,952
62,Learner Tien,940
63,David Goffin,930
64,Benjamin Bonzi,930
65,Francisco Comesana,914
66,Kei Nishikori,903
67,Damir Dzumhur,900
68,Hamad Medjedovic,896
69,Corentin Moutet,894
70,Reilly Opelka,877
71,Yunchaokete Bu,874
72,Arthur Rinderknech,873
73,Mattia Bellucci,864
74,Roberto Carballes Baena,849
75,Roman Safiullin,831
76,Aleksandar Kovacevic,799
77,Christopher O'Connell,775
78,Vit Kopriva,757
79,Hugo Dellien,751
80,Juncheng Shang,743
81,Borna Coric,730
82,Yoshihito Nishioka,724
83,Marin Cilic,722
84,Alejandro Tabilo,705
85,Raphael Collignon,705
86,Hugo Gaston,693
87,Rinky Hijikata,693
88,Mackenzie McDonald,689
89,Ethan Quinn,682
90,Adam Walton,678
91,Mariano Navone,670
92,Botic van de Zandschulp,670
93,Aleksandar Vukic,664
94,Pablo Carreno Busta,662
95,Luca Nardi,655
96,Chun-Hsin Tseng,643
97,Otto Virtanen,623
98,Alexander Shevchenko,610
99,Brandon Holt,600
100,Nishesh Basavareddy,595
101,Jenson Brooksby,577
102,Carlos Taberner,576
103,James Duckworth,566
104,Tristan Schoolkate,564
105,Marton Fucsovics,564
106,Jesper de Jong,548
107,Daniel Elahi Galan,533
108,Tomas Barrios Vera,528
109,Kamil Majchrzak,527
110,Cristian Garin,525
111,Filip Misolic,518
112,Juan Manuel Cerundolo,514
113,Valentin Royer,513
114,Dalibor Svrcina,513
115,Arthur Cazaux,505
116,Jaime Faria,503
117,Elmer Moller,499
118,Dusan Lajovic,498
119,Emilio Nava,495
120,Tristan Boyer,486
121,Thiago Agustin Tirante,486
122,Zhizhen Zhang,485
123,Adrian Mannarino,477
124,Terence Atmane,477
125,Jan-Lennard Struff,475
126,Nikoloz Basilashvili,474
127,Pierre-Hugues Herbert,474
128,Eliot Spizzirri,465
129,Thiago Seyboth Wild,461
130,Christopher Eubanks,454
131,Francesco Passaro,453
132,Roman Andres Burruchaga,453
133,Matteo Gigante,449
134,Colton Smith,448
135,Yannick Hanfmann,440
136,Lucas Pouille,439
137,Martin Landaluce,439
138,Fabio Fognini,437
139,Andrea Pellegrino,437
140,Vilius Gaubas,435
141,Alexander Blockx,423
142,Thiago Monteiro,420
143,Nicolas Jarry,418
144,Shintaro Mochizuki,413
145,Felipe Meligeni Alves,406
146,Thanasi Kokkinakis,405
147,Liam Draxl,403
148,Kyrian Jacquet,389
149,Marco Trungelliti,388
150,Federico Coria,386
151,Billy Harris,383
152,Ignacio Buse,383
153,Stan Wawrinka,382
154,Daniel Evans,375
155,Juan Pablo Ficovich,373
156,Taro Daniel,370
157,Henrique Rocha,366
158,Nicolas Moreno De Alboran,364
159,Dino Prizmic,364
160,Zsombor Piros,362
161,Federico Agustin Gomez,360
162,Jerome Kym,355
163,Chris Rodesch,346
164,Mitchell Krueger,344
165,Sebastian Ofner,343
166,Li Tu,342
167,Marc-Andrea Huesler,340
168,Mark Lajal,338
169,Lukas Neumayer,338
170,Hady Habib,328
171,Richard Gasquet,324
172,Coleman Wong,321
173,Ugo Blanchet,317
174,Guy Den Ouden,317
175,Hugo Grenier,316
176,Dmitry Popko,313
177,Yosuke Watanuki,312
178,Calvin Hemery,310
179,Alex Bolt,309
180,Luca Van Assche,309
181,James McCabe,308
182,Alibek Kachmazov,308
183,Duje Ajdukovic,307
184,Harold Mayot,304
185,Lukas Klein,298
186,Sho Shimabukuro,295
187,Federico Arnaboldi,295
188,Alexander Ritschard,294
189,Mikhail Kukushkin,294
190,Murphy Cassone,294
191,Santiago Rodriguez Taverna,288
192,August Holmgren,285
193,Benjamin Hassan,284
194,Titouan Droguet,283
195,Jurij Rodionov,283
196,Jay Clarke,283
197,Constant Lestienne,282
198,James Trotter,279
199,Facundo Diaz Acosta,277
200,Jan Choinski,277
201,Jason Kubler,275
202,Omar Jasika,271
203,Daniel Rincon,271
204,Pol Martin Tiffon,271
205,Yasutaka Uchiyama,269
206,Gauthier Onclin,266
207,Alexis Galarneau,265
208,Alejandro Moro Canas,262
209,Timofey Skatov,262
210,Vitaliy Sachko,262
211,Aziz Dougaz,260
212,Albert Ramos-Vinolas,259
213,Pavel Kotov,257
214,Bernard Tomic,257
215,Clement Tabur,254
216,Aslan Karatsev,254
217,Borna Gojo,253
218,Yuta Shimizu,253
219,Justin Engel,253
220,Rodrigo Pacheco Mendez,252
221,Elias Ymer,251
222,Rio Noguchi,251
223,Murkel Dellien,250
224,Johannus Monday,249
225,Andrea Collarini,249
226,Dimitar Kuzmanov,248
227,Gustavo Heide,247
228,Ilia Simakin,247
229,Zachary Svajda,246
230,Arthur Bouquier,246
231,Viktor Durasovic,245
232,Adolfo Daniel Vallejo,243
233,Alvaro Guillen Meza,242
234,Clement Chidekh,242
235,Daniel Merida,241
236,Kimmer Coppejans,240
237,Francesco Maestrelli,240
238,Dominic Stricker,239
239,Nerman Fatic,239
240,Patrick Kypson,238
241,Luka Pavlovic,237
242,Yu Hsiou Hsu,235
243,Nicolas Mejia,234
244,Fajing Sun,231
245,Max Houkes,231
246,Khumoyun Sultanov,231
247,Beibit Zhukayev,229
248,Oliver Crawford,229
249,Saba Purtseladze,229
250,Joao Lucas Reis Da Silva,226
251,Juan Pablo Varillas,225
252,Edas Butvilas,225
253,Yan Bai,224
254,Facundo Mena,222
255,Marek Gengel,222
256,Antoine Escoffier,220
257,Mili Poljicak,218
258,Marat Sharipov,216
259,Sascha Gueymard Wayenburg,215
260,Alex Barrena,214
261,Valentin Vacherot,213
262,Andres Andrade,213
263,Ryan Peniston,213
264,Frederico Ferreira Silva,212
265,Gabriel Debru,211
266,Max Hans Rehberg,210
267,Denis Yevseyev,210
268,Juan Carlos Prado Angelo,209
269,Ivan Gakhov,207
270,Mathys Erhard,207
271,Matias Soto,206
272,Lorenzo Giustino,206
273,Carlos Sanchez Jover,205
274,Filip Cristian Jianu,204
275,Maximilian Marterer,203
276,Marko Topo,202
277,Geoffrey Blancaneaux,202
278,Tung-Lin Wu,201
279,Federico Cina,198
280,Patrick Zahraj,198
281,Jack Pinnington Jones,196
282,Christoph Negritu,196
283,Lautaro Midon,196
284,Eliakim Coulibaly,195
285,Yibing Wu,193
286,Gonzalo Bueno,193
287,Matheus Pucinelli De Almeida,192
288,Jie Cui,192
289,Karue Sell,191
290,Arthur Gea,190
291,Rei Sakamoto,187
292,Matteo Martineau,186
293,George Loffhagen,185
294,Gonzalo Oliveira,185
295,Michael Geerts,182
296,Sumit Nagal,180
297,Daniel Michalski,176
298,Radu Albot,172
299,Aidan Mayo,172
300,Marco Cecchinato,171
301,Andrej Martin,171
302,Genaro Alberto Olivieri,171
303,Nicolai Budkov Kjaer,169
304,Mika Brunold,169
305,Juan Bautista Torres,169
306,Gijs Brouwer,168
307,Nicolas Alvarez Varona,168
308,Blake Ellis,166
309,Jacopo Berrettini,165
310,Stefano Travaglia,164
311,Tyler Zink,164
312,Renzo Olivo,164
313,Corentin Denolly,163
314,Remy Bertola,163
315,Javier Barranco Cosano,162
316,Mateus Alves,162
317,Emil Ruusuvuori,161
318,Oriol Roca Batalla,161
319,Max Purcell,160
320,Lloyd Harris,159
321,Yi Zhou,159
322,Jelle Sels,159
323,Robert Strombachs,159
324,Petr Bar Biryukov,159
325,Patrick Maloney,158
326,Adrian Andreev,157
327,Michael Mmoh,156
328,Norbert Gombos,156
329,Andrea Vavassori,155
330,Roberto Cid Subervi,154
331,Hynek Barton,154
332,Pedro Sakamoto,152
333,Moez Echargui,152
334,Alexey Vatutin,150
335,Robin Bertrand,150
336,Naoki Nakagawa,148
337,Raul Brancaccio,148
338,Oleg Prihodko,148
339,Alex Marti Pujolras,147
340,Abdullah Shelbayh,147
341,Christian Langmo,145
342,Gastao Elias,145
343,Dan Added,145
344,Luciano Emanuel Ambrogi,145
345,Nikolas Sanchez Izquierdo,144
346,Cezar Cretu,143
347,Rudolf Molleker,143
348,Moerani Bouzige,143
349,Oleksandr Ovcharenko,142
350,Luka Mikrut,141
351,Giulio Zeppieri,140
352,Alex Rybakov,140
353,Andres Martin,140
354,Diego Dedura,140
355,Nicholas David Ionel,140
356,Jakub Paul,139
357,Henri Squire,139
358,Svyatoslav Gulin,139
359,Enrico Dalla Valle,138
360,Garrett Johns,138
361,Bernabe Zapata Miralles,137
362,Daniel Dutra da Silva,137
363,Pedro Boscardin Dias,137
364,Franco Roncadelli,136
365,Tiago Pereira,135
366,Mats Rosenkranz,134
367,Stefan Kozlov,133
368,Matej Dodig,133
369,Gregoire Barrere,132
370,Masamichi Imamura,132
371,Andre Ilagan,132
372,Gabi Adrian Boitan,131
373,Lucas Poullain,131
374,Alastair Gray,130
375,Milos Karol,130
376,Toby Kodat,130
377,Seongchan Hong,129
378,Govind Nanda,129
379,Fabrizio Andaloro,128
380,Gonzalo Villanueva,127
381,Hyeon Chung,126
382,Alfredo Perez,126
383,Jozef Kovalik,125
384,Adria Soriano Barrera,125
385,Florent Bax,125
386,Sandro Kopp,124
387,Giovanni Fonio,124
388,Joel Schwaerzler,124
389,Marc Polmans,122
390,Kasidit Samrej,122
391,Tom Paris,121
392,Inaki Montes-De La Torre,121
393,Lukas Pokorny,121
394,Maximus Jones,120
395,Nicolas Kicker,119
396,Neil Oberleitner,119
397,Federico Bondioli,119
398,Hiroki Moriya,118
399,Andrej Nedic,117
400,Guido Ivan Justo,117
401,Ricardas Berankis,116
402,Tom Gentzsch,116
403,J.J. Wolf,115
404,Stefan Dostanic,115
405,Laurent Lokoli,115
406,Matthew Dellavedova,115
407,Maximilian Neuchrist,114
408,Daniil Glinka,114
409,Juan Carlos Aguilar,113
410,Alexey Zakharov,112
411,Benjamin Lock,111
412,Franco Agamenone,111
413,Gabriele Pennaforti,111
414,Mariano Kestelboim,110
415,Mukund Sasikumar,109
416,Zdenek Kolar,109
417,Alexandr Binda,109
418,Manuel Guinard,108
419,Yusuke Takahashi,108
420,Max Wiskandt,108
421,Henry Searle,106
422,Paul Jubb,105
423,Stefanos Sakellaridis,105
424,Miguel Damas,105
425,Max Alcala Gurri,105
426,Enzo Couacaud,104
427,Dennis Novak,104
428,Gabriele Piraino,104
429,Evgeny Karlovskiy,103
430,Kris Van Wyk,103
431,Philip Henning,102
432,Iliyan Radulov,102
433,Maxime Janvier,101
434,Stuart Parker,101
435,Alvin Nicholas Tudorica,101
436,Alex Martinez,100
437,Karan Singh,100
438,Kilian Feldbausch,99
439,Oleksii Krutykh,99
440,Valerio Aboian,98
441,Tibo Colson,98
442,Sergey Fomin,98
443,Petr Nesterov,98
444,Woobin Shin,97
445,Gerard Campana Lee,96
446,Sanhui Shin,95
447,Vadym Ursu,95
448,Giles Hussey,94
449,Dominik Koepfer,93
450,Maxime Cressy,93
451,Anton Matusevich,93
452,Lilian Marmousez,93
453,Aryan Shah,93
454,Ryan Nijboer,93
455,Gianluca Mager,92
456,Alessandro Pecci,92
457,Maxime Chazal,92
458,Martin Krumich,92
459,Juan Manuel La Serna,92
460,Gilles Arnaud Bailly,92
461,Arthur Fery,91
462,Jakub Nicod,91
463,Ergi Kirkin,91
464,Tommaso Compagnucci,91
465,Andrea Picchione,91
466,Gianluca Cadenasso,90
467,Kokoro Isomura,90
468,Eric Vanshelboim,90
469,Joris De Loore,89
470,Darwin Blanch,89
471,Kyle Edmund,89
472,Bor Artnak,88
473,Pedro Araujo,88
474,Maks Kasnikowski,87
475,Daniel Masur,87
476,Charles Broom,87
477,Philip Sekulic,86
478,Dali Blanch,85
479,Yurii Dzhavakian,85
480,Alex Molcan,84
481,Petr Brunclik,84
482,Marvin Moeller,84
483,Olaf Pieczkowski,84
484,Ryan Seggerman,83
485,Pedro Cachin,83
486,Micah Braswell,83
487,Hernan Casanova,83
488,Peter Fajta,83
489,Branko Djuric,83
490,Erik Arutiunian,83
491,Alex Hernandez,82
492,Olle Wallin,81
493,Ajeet Rai,81
494,Harry Wendelken,81
495,Aidan McHugh,80
496,Egor Agafonov,80
497,Keegan Smith,80
498,Michael Zheng,79
499,Aristotelis Thanos,79
500,Michael Vrbensky,79
501,Maxim Mrva,78
502,Leo Borg,78
503,Leandro Riedi,77
504,Eduardo Ribeiro,77
505,Peter Bertran,77
506,Benoit Paire,77
507,Ryuki Matsuda,77
508,Jake Delaney,77
509,Arthur Reymond,76
510,Viacheslav Bielinskyi,76
511,Cem Ilkel,76
512,Cannon Kingsley,76
513,David Jorda Sanchis,76
514,Loann Massard,76
515,Christian Sigsgaard,75
516,Takuya Kumasaka,75
517,Nikolay Vylegzhanin,75
518,Martin Damm,74
519,Alec Beckley,74
520,Alejo Sanchez Quilez,74
521,Evgenii Tiurnev,73
522,Tadeas Paroulek,73
523,Felix Corwin,73
524,Egor Gerasimov,72
525,Martin Klizan,72
526,Maxwell Mckennon,72
527,Manuel Mazza,71
528,Luca Castelnuovo,71
529,Tristan Lamasine,70
530,Federico Iannaccone,70
531,Andrea Guerrieri,69
532,Rigele Te,69
533,Florian Broska,69
534,Dan Alexandru Tomescu,69
535,Lorenzo Carboni,69
536,Lorenzo Joaquin Rodriguez,69
537,Tsung-Hao Huang,69
538,Kirill Kivattsev,69
539,Soonwoo Kwon,68
540,Antoine Cornut-Chauvinc,67
541,Conner Huertas del Pino,67
542,Shintaro Imai,67
543,Jiri Vesely,67
544,Michiel De Krom,67
545,Hamish Stewart,67
546,Mae Malige,67
547,Elmar Ejupovic,67
548,Dominik Kellovsky,67
549,Stefan Palosi,67
550,Alberto Barroso Campos,67
551,Aleksandre Bakshi,67
552,Karl Poling,67
553,Stefan Adrian Andreescu,67
554,Rafael Jodar,66
555,Facundo Juarez,66
556,Yuki Mochizuki,66
557,Liam Broady,66
558,Luca Potenza,66
559,Diego Schwartzman,65
560,Lucas Gerch,65
561,Kaichi Uchida,65
562,James Story,65
563,Dan Martin,65
564,Pierluigi Basile,64
565,Kenta Miyoshi,64
566,Steven Diez,64
567,Arthur Weber,64
568,Filippo Romano,64
569,Blake Mott,64
570,Bruno Kuzuhara,64
571,Hikaru Shiraishi,64
572,Alexander Weis,64
573,Pablo Llamas Ruiz,63
574,Andrew Paulson,63
575,Dane Sweeny,63
576,Eero Vasa,63
577,Evan Zhu,63
578,Keisuke Saitoh,62
579,Samuel Vincent Ruggeri,62
580,Louis Wessels,62
581,Yanki Erel,61
582,Alafia Ayeni,61
583,Juan Estevez,61
584,Filip Peliwo,61
585,Daniel Milavsky,60
586,Hazem Naw,60
587,Tomas Farjat,60
588,Dusan Obradovic,60
589,Luca Castagnola,60
590,Stefan Popovic,60
591,Jonas Forejtek,59
592,Etienne Donnet,59
593,Ewen Lumsden,59
594,Joao Eduardo Schiessl,59
595,Joao Domingues,58
596,Renta Tokuda,58
597,Maxim Zhukov,58
598,Bogdan Bobrov,58
599,Max Basing,57
600,Julio Cesar Porras,57
601,Antoine Ghibaudo,56
602,Filippo Moroni,56
603,Jose Pereira,56
604,Imanol Lopez Morillo,56
605,Mitsuki Wei Kang Leong,56
606,Tim Handel,56
607,Aziz Ouakaa,56
608,Altug Celikbilek,55
609,Gianmarco Ferrari,55
610,John Echeverria,55
611,Fares Zakaria,55
612,Tristan McCormick,55
613,Michael Agwi,54
614,Damien Wenger,54
615,Felix Gill,54
616,Leonardo Rossi,54
617,Alex Knaff,54
618,Dev Javia,54
619,Omni Kumar,53
620,Sean Cuenin,53
621,Jules Marie,53
622,Jacob Brumm,53
623,Aidan Kim,52
624,Denis Klok,52
625,Buvaysar Gadamauri,52
626,Juan Pablo Paz,52
627,Kenny De Schepper,52
628,Andrey Chepelev,52
629,Ramkumar Ramanathan,51
630,Samir Banerjee,51
631,Radu Mihai Papoe,51
632,Arda Azkara,51
633,Ernesto Escobedo,51
634,Louis Dussin,51
635,Pawit Sornlaksup,51
636,Maxence Beauge,51
637,Nick Kyrgios,50
638,Mikael Ymer,50
639,Theo Papamalamis,50
640,Massimo Giunta,50
641,Ben Jones,50
642,Carlos Lopez Montagud,50
643,Dominik Palan,50
644,Sergi Perez Contri,50
645,Vladyslav Orlov,50
646,Robin Catry,49
647,Emile Hudd,49
648,Edward Winter,49
649,Ye Cong Mo,49
650,Lucas Bouquet,49
651,John Sperle,49
652,Niels Visker,49
653,Adrian Oetzbach,49
654,Pedro Rodrigues,48
655,Ryotaro Taguchi,48
656,Mathias Bourgue,48
657,Mees Rottgering,48
658,Sebastian Gima,48
659,Wishaya Trongcharoenchaikul,48
660,Orlando Luz,47
661,Linang Xiao,47
662,Adhithya Ganesan,47
663,Taisei Ichikawa,47
664,Strong Kirchheimer,47
665,Stijn Slump,47
666,Mario Gonzalez Fernandez,47
667,Nick Hardt,46
668,Tianhui Zhang,46
669,Mohamed Safwat,46
670,Hayato Matsuoka,46
671,Michal Krajci,46
672,Kosuke Ogura,46
673,Trevor Svajda,45
674,Jacopo Vasami,45
675,Tuncay Duran,45
676,Mikalai Haliak,45
677,Johan Alexander Rodriguez,45
678,Nino Ehrenschneider,45
679,Colin Sinclair,45
680,Aleksandr Braynin,45
681,Jack Loge,45
682,Kyle Kang,44
683,JiSung Nam,44
684,Mirza Basic,44
685,Justin Boulais,44
686,Sebastian Sorger,44
687,Pavle Marinkov,44
688,Thanapet Chanta,44
689,Giovanni Oradini,44
690,Alexander Donski,43
691,Filip Jeff Planinsek,43
692,Ilya Snitari,43
693,Carlo Alberto Caniato,43
694,Paulo Andre Saraiva Dos Santos,43
695,Lorenzo Rottoli,43
696,William Grant,43
697,Emilien Demanet,43
698,Andres Santamarta Roig,42
699,Stefano Napolitano,42
700,Ignacio Monzon,42
701,Francisco Rocha,42
702,Johan Nikles,42
703,Alejandro Manzanera Pertusa,42
704,Mert Alkaya,42
705,Samir Hamza Reguig,42
706,Millen Hurrion,41
707,Andrew Fenty,41
708,Diego Augusto Barreto Sanchez,41
709,Guillaume Dalmasso,41
710,Raphael Perot,40
711,Trey Hilderbrand,40
712,Elliot Benchetrit,40
713,Uisung Park,40
714,Nicolas Arseneault,40
715,Axel Garcian,40
716,Ivan Marrero Curbelo,40
717,Deney Wassermann,39
718,Bautista Vilicich,39
719,Yaroslav Demin,39
720,Igor Gimenez,39
721,Pawel Juszczak,38
722,James Watt,38
723,Tomasz Berkieta,38
724,Wilson Leite,38
725,Adam Neff,37
726,Isaiah Strode,37
727,Jacob Bradshaw,37
728,Gabriel Ghetu,37
729,Kuan-Yi Lee,37
730,Amaury Raynel,37
731,Noah Schachter,37
732,Niccolo Catini,37
733,Oliver Tarvet,36
734,Denis Kudla,36
735,Quinn Vandecasteele,36
736,Leo Vithoontien,36
737,Matthew William Donald,36
738,Devin Badenhorst,35
739,Akira Santillan,35
740,Gergely Madarasz,35
741,Marcello Serafini,35
742,Manas Dhamne,35
743,Pierre Yves Bailly,34
744,Martin Borisiouk,34
745,Nick Chappell,34
746,Semen Pankin,34
747,Lautaro Agustin Falabella,34
748,Gavin Young,33
749,Miguel Tobon,33
750,Alexis Gautier,33
751,Cyril Vandermeersch,33
752,Aleksandr Lobanov,33
753,Yuta Kawahashi,33
754,Abel Forger,33
755,S D Prajwal Dev,33
756,Timo Legout,32
757,Evgeny Donskoy,32
758,Lorenzo Bocchi,32
759,Ali Yazdani,32
760,Joshua Sheehy,32
761,Fausto Tabacco,32
762,Pietro Fellin,32
763,Alexander Klintcharov,32
764,Taha Baadi,32
765,Amr Elsayed,32
766,Dragos Nicolae Cazacu,32
767,Savva Polukhin,31
768,Alejo Lorenzo Lingua Lavallen,31
769,Sebastian Fanselow,31
770,Pablo Masjuan Ginel,31
771,Kiranpal Pannu,31
772,Ignacio Parisca Romera,31
773,Khololwam Montsi,30
774,Jack Anthrop,30
775,Ozan Baris,30
776,Duarte Vale,30
777,Filip Pieczonka,30
778,Kai Wehnelt,30
779,Yanaki Milev,30
780,Henry Bernet,29
781,Mate Valkusz,29
782,Luis Carlos Alvarez,29
783,Orel Kimhi,29
784,Pierre Delage,29
785,Mateo Barreiros Reyes,29
786,Dinko Dinev,29
787,Martin Van Der Meerschen,29
788,Taiyo Yamanaka,29
789,Rudy Quan,28
790,Daniel Cukierman,28
791,Savriyan Danilov,28
792,Yusuke Kusuhara,28
793,Jakub Filip,28
794,Shinji Hazawa,28
795,Rodrigo Alujas,28
796,Sebastian Prechtel,28
797,Yuta Kikuchi,28
798,Ivan Ivanov,27
799,Daniel Antonio Nunez,27
800,Gilbert Klier Junior,27
801,Naoya Honda,27
802,Alan Fernando Rubio Fierros,27
803,Maik Steiner,27
804,Matthew Summers,27
805,Sidharth Rawat,27
806,Georgii Kravchenko,27
807,Louis Tessa,27
808,Iannis Miletich,27
809,Ezekiel Clark,27
810,Michele Ribecai,27
811,Marlon Vankan,27
812,Santiago De La Fuente,26
813,Enzo Wallart,26
814,Mwendwa Mbithi,26
815,Leonardo Aboian,26
816,Miles Jones,26
817,Samuele Pieri,26
818,Kane Bonsach Ganley,26
819,Nikita Mashtakov,26
820,Zura Tkemaladze,26
821,Ryan Fishback,26
822,Mariano Tammaro,26
823,Tomohiro Masabayashi,26
824,Francesco Forti,25
825,Blu Baker,25
826,Liam Gavrielides,25
827,Cruz Hewitt,25
828,Moise Kouame,25
829,Oliver Anderson,25
830,Matt Hulme,25
831,Victor Lilov,25
832,Albert Pedrico Kravtsov,25
833,Tai Sach,25
834,Tyler Stice,25
835,Mert Naci Turker,25
836,Tomas Curras Abasolo,25
837,Maxence Bertimon,25
838,Stefano D'Agostino,25
839,Niklas Schell,25
840,Mihai Razvan Marinescu,25
841,Saveliy Ivanov,25
842,Grigoriy Lomakin,25
843,Juan Ignacio Londero,24
844,Facundo Bagnis,24
845,Vuk Radjenovic,24
846,Tomas Serrano Luis,24
847,Nicolas Tepmahc,24
848,Felix Balshaw,24
849,Gustavo Ribeiro De Almeida,24
850,Chirag Duhan,24
851,Jasza Szajrych,24
852,Franco Ribero,24
853,Pietro Marino,24
854,Josip Simundza,24
855,Joaquin Aguilar Cardozo,24
856,Shunsuke Mitsui,23
857,Alexander Bernard,23
858,Ilya Ivashka,23
859,Jea Moon Lee,23
860,Patrick Brady,23
861,Luca Preda,23
862,Thomas Faurel,23
863,Nikola Basic,23
864,Alexandre Reco,23
865,Evgeny Philippov,23
866,Thiago Cigarran,23
867,Benjamin Thomas George,23
868,Amit Vales,23
869,Nicolas Jadoun,23
870,Constantin Bittoun Kouzmine,23
871,Diego Fernandez Flores,23
872,Dhakshineswar Suresh,22
873,David Pichler,22
874,Sora Fukuda,22
875,Maximilian Homberg,22
876,Jesse Flores,22
877,Elgin Khoeblal,22
878,Benjamin Winter Lopez,22
879,Adrien Gobat,22
880,Leo Raquillet,22
881,Juan Sebastian Osorio,22
882,Michael Bassem Sobhy,22
883,Sergio Callejon Hernando,22
884,Igor Marcondes,21
885,Antoine Bellier,21
886,Blaz Rola,21
887,Ivan Nedelko,21
888,Toby Samuel,21
889,Juan Cruz Martin Manzano,21
890,Matt Kuhar,21
891,Giuseppe La Vela,21
892,Filip Krajinovic,20
893,Georgi Georgiev,20
894,Peter Heller,20
895,Radu David Turcanu,20
896,Kalin Ivanovski,20
897,Alan Magadan,20
898,Aliaksandr Liaonenka,20
899,Samuel Heredia,20
900,Thomas Braithwaite,20
901,Benjamin Torrealba,20
902,Arthur Nagel,20
903,Daisuke Sumizawa,20
904,Jan Kupcic,20
905,Kristjan Tamm,20
906,Niccolò Ciavarella,20
907,Dimitris Sakellaridis,20
908,Nam Hoang Ly,19
909,Amir Omarkhanov,19
910,Alexander Stater,19
911,Alessandro Bellifemine,19
912,Adil Kalyanpur,19
913,Lucas Marionneau,19
914,Lasse Poertner,19
915T,Daniel De Jonge,19
915T,Artur Kukasian,19
917,Maxence Rivet,19
918,Kaylan Bigun,18
919,Thomas Fancutt,18
920,Oliver Bonding,18
921,Ioannis Xilas,18
922,Blaise Bicknell,18
923,Matteo Covato,18
924,Siddharth Vishwakarma,18
925,Daniel Paty,18
926,Duckhee Lee,18
927,Brian Bozemoj,18
928,Menelaos Efstathiou,18
929,Yanis Ghazouani Durand,18
930,Toby Martin,18
931,Jesse Delaney,18
932,Noah Perfetti,18
933,Seydina Andre,18
934,Alexandre Aubriot,18
935,Luca Pow,17
936,Juan Sebastian Gomez,17
937T,Jay Dylan Hara Friend,17
937T,Ognjen Milic,17
939,Filippo Speziali,17
940,Stefan Latinovic,17
941,Alberto Bronzetti,17
942,Chanyeong Oh,17
943,Elijah Strode,17
944,Yaojie Zeng,17
945,Gregor Ramskogler,17
946,Axel Nefve,17
947,Joshua Charlton,17
948,Peter Buldorini,17
949,Andrea Fiorentini,17
950,Diogo Marques,17
951,Philip Hjorth,17
952,Gabriele Maria Noce,17
953,Guido Andreozzi,16
954,Kaito Uesugi,16
955,Maciej Rajski,16
956,Kristijan Juhas,16
957,Pedro Vives Marcos,16
958,Timofei Derepasko,16
959,Sebastian Eriksson,16
960T,Eric Hadigian,16
960T,Karlis Ozolins,16
962,Jaden Weekes,16
963,Thomas Deschamps,16
964,Mariano Dedura-Palomero,16
965,Simon Beaupain,16
966,Nino Serdarusic,16
967,Jumpei Yamasaki,16
968,Ruslan Tiukaev,16
969,Ishaque Eqbal,16
970,Chase Ferguson,16
971,Bogdan Pavel,16
972T,Benito Sanchez Martinez,15
972T,Kuang Qing Xu,15
974,Lorenzo Gagliardo,15
975,Harrison Adams,15
976,Nicola Kuhn,15
977,Pepijn Bastiaansen,15
978,Yun seong Chung,15
979,Oskari Paldanius,15
980,Sebastian Dominko,15
981,Jan Kumstat,15
982,Aristarkh Safonov,15
983,Mikhail Gorokhov,15
984,Michel Hopp,15
985,Adan Freire Da Silva,15
986,Attila Boros,15
987,David Poljak,15
988,Marko Maksimovic,15
989,Matyas Cerny,15
990,Sheng Tang,15
991,Charlie Camus,15
992,Brandon Perez,15
993,Preston Brown,15
994,Patrick Schoen,14
995,Yassine Dlimi,14
996,Seita Watanabe,14
997,Dylan Dietrich,14
998,Kriish Tyagi,14
999,Alexander Kotzen,14
1000,Petros Tsitsipas,14
1001,Sidane Pontjodikromo,14
1002T,Ioan Alexandru Chirita,14
1002T,Carles Hernandez,14
1002T,Maxim Shin,14
1005,Simeon Stankovic,14
1006,Daniil Ostapenkov,14
1007,Matteo De Vincentis,14
1008,Pablo Trochu,14
1009,Koki Matsuda,14
1010,Jeremy Gschwendtner,14
1011,Aldin Setkic,14
1012,Younes Lalami Laaroussi,14
1013,Justin Schlageter,14
1014,Lorenzo Sciahbasi,14
1015,Finn Bass,14
1016,Nathan Ponwith,14
1017,Giannicola Misasi,14
1018,Oscar Jose Gutierrez,14
1019,Michael Zhu,14
1020,Nikola Milojevic,13
1021,Alec Deckers,13
1022,Franco Emanuel Egea,13
1023,Cooper Williams,13
1024,Oscar Weightman,13
1025,Ryotero Matsumura,13
1026,Isaac Becroft,13
1027,Enzo Kohlmann De Freitas,13
1028,Viktor Jovic,13
1029,Cleeve Harper,13
1030,Vishnu Vardhan,13
1031,Marcel Zielinski,13
1032,Collin Altamirano,13
1033,Aleksa Pisaric,13
1034,M Rifki Fitriadi,13
1035,Andrin Casanova,13
1036,Karol Filar,13
1037,Oscar Moraing,13
1038,Illya Beloborodko,13
1039,Lorenzo Lorusso,13
1040,Nico Hipfl,13
1041,Daniil Sarksian,13
1042,Zhenxiong Dong,13
1043,Arthur Bonnaud,13
1044T,Valentin Basel,13
1044T,Ezequiel Monferrer,13
1046,Riccardo Bonadio,12
1047,Justin Barki,12
1048,Thai-Son Kwiatkowski,12
1049,Adrian Bodmer,12
1050,Tymur Bieldiugin,12
1051,Derek Pham,12
1052,Reda Bennani,12
1053,Milan Welte,12
1054,Shunsuke Nakagawa,12
1055,Leo Deflandre,12
1056,Roger Pascual Ferra,12
1057,Phillip Jordan,12
1058,Patrick Kaukovalta,12
1059,Alen Mujakic,12
1060,Manuel Plunger,12
1061,Nicolas Bruna,12
1062,Fernando Cavallo,12
1063,Hayden Jones,12
1064,Gian Marco Ortenzi,12
1065,Juan Bautista Otegui,12
1066,Jacopo Bilardo,12
1067,Martyn Pawelski,12
1068,Evan Bynoe,12
1069,Nitin Kumar Sinha,12
1070,Pengyu Lu,12
1071,Boris Butulija,12
1072,Zhe Li,11
1073,Lucas Andrade Da Silva,11
1074,Mario Martinez Serrano,11
1075,Carl Emil Overbeck,11
1076,Aleksa Ciric,11
1077,Joshua Lapadat,11
1078,Cezar Gabriel Papoe,11
1079,Antoine Hoang,11
1080,Rishab Agarwal,11
1081,Cengiz Aksu,11
1082,Toufik Sahtali,11
1083,Rafael De Alba,11
1084,Jeffrey Von Der Schulenburg,11
1085,Jackson Ross,11
1086,Ronald Hohmann,11
1087,Aaron Funk,11
1088,Rafael Izquierdo Luque,11
1089,Niels Lootsma,11
1090,Mikael Arseneault,11
1091,Mika Lipp,11
1092,Charles Chen,11
1093,Kuzey Cekirge,11
1094,Sungbeen Sim,11
1095,Corban Crowther,11
1096,Hugo Pierre,11
1097,Mika Petkovic,11
1098,Izan Almazan Valiente,11
1099,Yuvan Nandal,11
1100,Sam Ryan Ziegann,11
1101,Nicolas Villalon,11
1102,Pavlos Tsitsipas,11
1103T,Stian Klaassen,10
1103T,Lucas Renard,10
1103T,Pietro Romeo Scomparin,10
1106,Henri Laaksonen,10
1107,Lorenzo Claverie,10
1108T,Enzo Aguiard,10
1108T,Christopher Li,10
1110,Guy Orly Iradukunda,10
1111,Christopher Bulus,10
1112,Ilgiz Valiev,10
1113,Hugo Coquelin,10
1114,Nicolas Zanellato,10
1115,Jack Loutit,10
1116,Chen Dong,10
1117,Manish Sureshkumar,10
1118,Matisse Bobichon,10
1119,Lucio Ratti,10
1120,Aoran Wang,10
1121T,Dimitris Azoidis,10
1121T,Joao Vitor Goncalves Ceolin,10
1121T,Samuel Alejandro Linde Palacios,10
1124,Mark Whitehouse,10
1125,Alejandro Turriziani Alvarez,10
1126,Matthias Ujvary,10
1127,Francesco Ferrari,10
1128,Stefan Vujic,10
1129T,Luc Fomba,10
1129T,Sasa Markovic,10
1131,Rares Teodor Pieleanu,10
1132,Hanyi Liu,10
1133,Issei Okamura,10
1134,Ali Habib,10
1135,Nicolas Ifi,10
1136,Tristan Stringer,10
1137,Keshav Chopra,10
1138,Luca Fantini,10
1139,Gokberk Saritas,10
1140T,Paul Barbier Gazeu,9
1140T,Niccolo Baroni,9
1142,Mehdi Benchakroun,9
1143,Liam Branger,9
1144,Arklon Huertas Del Pino Cordova,9
1145,Jirat Navasirisomboon,9
1146,Vesa Ahti,9
1147,Marcel Kamrowski,9
1148,Thantub Suksumrarn,9
1149,Yuto Oki,9
1150,Tim Ruehl,9
1151T,Tomas Martinez,9
1151T,Iker Urribarrens Ramirez,9
1153,Kacper Szymkowiak,9
1154,Vito Tonejc,9
1155T,Antoine Berger,9
1155T,Yannik Kelm,9
1157,Pavel Verbin,9
1158,Daniel Salazar,9
1159,Adam Heinonen,9
1160,Bekkhan Atlangeriev,9
1161,Makoto Ochi,9
1162,Max Schoenhaus,9
1163,Valentin Kopeikin,9
1164,Marcus Walters,9
1165,Charles Bertimon,9
1166,Noah Thurner,9
1167,Leonardo Malgaroli,9
1168,Mohamed Nazim Makhlouf,9
1169T,Bastian Malla,8
1169T,Rohan Murali,8
1171,Thijs Boogaard,8
1172,Artem Dubrivnyy,8
1173,Jack Kennedy,8
1174,Charlie Robertson,8
1175,Ryo Tabata,8
1176,Benjamin Willwerth,8
1177,Igor Kudriashov,8
1178T,Andres Fernandez Canovas,8
1178T,Daniel Siniakov,8
1178T,Antoine Vincent,8
1181,Adit Sinha,8
1182,Ray Ho,8
1183,Alejandro Juan Mano,8
1184,Luca Wiedenmann,8
1185,Nikola Slavic,8
1186,Alan Bojarski,8
1187,Qian Sun,8
1188,Luke Simkiss,8
1189,Carlos Maria Zarate,8
1190T,Ioannis Kountourakis,8
1190T,Andrea Paolini,8
1192,Ryan Dickerson,8
1193T,Mikail Alimli,8
1193T,Ignacio Antonio Becerra Otarola,8
1195,Loic Namigandet Tenguere,8
1196T,Gabriele Bosio,8
1196T,David Fix,8
1198,Yuichiro Inui,8
1199,Xing Dao Chen,8
1200,Ivan Denisov,8
1201,Ricardo Rodriguez - Pace,8
1202,Manel Lazaro Juncadella,8
1203,Daniel Khazime,8
1204,Alexander Petrov,8
1205,Leyton Rivera,8
1206,Jeremy Schifris,8
1207,Federico Gaio,7
1208,Fermin Tenti,7
1209,Alejandro Arcila,7
1210,Karim Bennani,7
1211T,Karl Kazuma Lee,7
1211T,Calin Teodor Stirbu,7
1213,Alberto Lim,7
1214,Giulio Perego,7
1215,Vlad Andrei Dancu,7
1216T,Joshua Peck,7
1216T,Alessandro Spadola,7
1218T,Vit Kalina,7
1218T,Stijn Pel,7
1220,Benjamin Hannestad,7
1221,Julian Cundom,7
1222,Yshai Oliel,7
1223,Kody Pearson,7
1224,Mathieu Scaglia,7
1225,Giorgio Tabacco,7
1226,Pranav Kumar,7
1227T,Ignasi Forcano Aparicio,7
1227T,Samuele Seghetti,7
1229,Mateo Castañeda,7
1230,Fadi Bidan,7
1231T,Matteo Fondriest,7
1231T,Andreas Timini,7
1233,Salvador Price,7
1234,Fabien Salle,7
1235,Daniele Rapagnetta,7
1236,Yuquan Jin,7
1237,Timo Stodder,6
1238,Leo Raquin,6
1239T,Nicolas Ian Kotzen,6
1239T,Alexander Rozin,6
1241,Evan Furness,6
1242,Cedrik-Marcel Stebe,6
1243,Jagger Leach,6
1244,Jelani Sarr,6
1245,Vasek Pospisil,6
1246,Damien Salvestre,6
1247,Cing-Yang Meng,6
1248,Tiago Torres,6
1249,Geun Jun Kim,6
1250T,Dylan Salton,6
1250T,Vladan Tadic,6
1252T,Samuel Brosset,6
1252T,Spencer Johnson,6
1254T,Gage Brymer,6
1254T,Adam Jilly,6
1256,Gian Gruenig,6
1257,Luca Giacomini,6
1258,Jean-Christian Morandais,6
1259,Ryota Tanuma,6
1260,Nicaise Muamba,6
1261,Luciano Carraro,6
1262,Vincent Marysko,6
1263,Bharath Nishok Kumaran,6
1264T,Ethan Cook,6
1264T,Valentin Lapalu,6
1266,Yua Taka,6
1267T,Admir Kalender,6
1267T,Kasra Rahmani,6
1269,Rocco Valente,6
1270,Rafael Tosetto,6
1271T,Markus Molder,6
1271T,Denis Petak,6
1273,Manvydas Balciunas,6
1274,Radovan Michalik,6
1275T,Joao Graca,6
1275T,Alp Horoz,6
1275T,François Musitelli,6
1278,Tadeo Meneo,6
1279,Drew Van Orderlain,6
1280,Kazuma Kawachi,6
1281T,Aleksander Chayka,6
1281T,Hernando Jose Escurra Isnardi,6
1281T,Marc Majdandzic,6
1284,Reece Falck,6
1285,Credit Chaiyarin,6
1286,Lawrence Bataljin,6
1287,Lucca Pinto,6
1288,Karim Ibrahim,6
1289,Sean Hess,6
1290,Jonathan Eysseric,5
1291,Teymuraz Gabashvili,5
1292T,Andres Gabriel Ciurletti,5
1292T,Niels Peter Van Noord,5
1294,Christian Djonov,5
1295T,Stepan Baum,5
1295T,Suk Hyun Choo,5
1295T,Gabriel Donev,5
1295T,Lorenzo Esquici,5
1295T,Matyas Fuele,5
1300,JJ Tracy,5
1301T,Bryce Nakashima,5
1301T,Nicolas Parizzia,5
1303,Antoine Walch,5
1304T,Gabriel Elicha Navas,5
1304T,Alexander Vasilev,5
1304T,Cooper Woestendick,5
1307,William Jansen,5
1308,Alejandro Garcia Carbajal,5
1309T,Maikel De Boes,5
1309T,Herman Hoeyeraal,5
1309T,Shu Matsuoka,5
1309T,Kacper Zuk,5
1313,Ignacio Carou,5
1314,Alessio Vasquez Gehrke,5
1315,Peter Benjamin Privara,5
1316,Madhwin Kamath,5
1317T,Lorenzo Beraldo,5
1317T,Jonas Kucera,5
1317T,Yvo Panak,5
1317T,Natan Rodrigues,5
1317T,Martin Sabas,5
1322,Scott Jones,5
1323,Matthew Thomson,5
1324,Leonardo Cattaneo,5
1325,Edoardo Zanada,5
1326,Cesar Bouchelaghem,5
1327T,Alberto Odiseo Alvarado Berrospi,5
1327T,Karim-Mohamed Maamoun,5
1329,Anas Mazdrashki,5
1330,Jorge Plans,5
1331T,Vlad Cristian Breazu,5
1331T,Rafael Kis Balazs,5
1333T,Edison Ambarzumjan,5
1333T,Sekou Bangoura,5
1333T,Alan Raul Sau Franco,5
1336,Miljan Zekic,5
1337T,Joao Victor Couto Loureiro,5
1337T,Gabriele Vulpitta,5
1339,Stijn Paardekooper,5
1340,Romain Faucon,5
1341T,Gabor Hornung,5
1341T,Tomas Lanik,5
1343T,Piet Luis Pinter,5
1343T,Amador Salazar,5
1343T,Gorazd Srbljak,5
1346T,Patrik Oplustil,5
1346T,Seungmin Park,5
1346T,Billy Suarez,5
1349T,Jurriaan Bol,5
1349T,Nicolas Buitrago,5
1349T,Giacomo Crisostomo,5
1349T,Filip Krolo,5
1353,Alexis Canter,5
1354,Nikos Lehmann,5
1355T,Yeong-Seok Jeong,5
1355T,Maximo Zeitune,5
1357,Bruno Fernandez,5
1358,Juan Jose Bianchi,5
1359T,Sergi Fita Juan,5
1359T,Niklas Waldner,5
1361,Lorenzo Angelini,5
1362,Koray Kirci,5
1363T,Blake Bayldon,4
1363T,Francisco Cabral,4
1363T,Paul Inchauspe,4
1366T,Markos Kalovelonis,4
1366T,Alex Kuperstein,4
1366T,Aleksi Lofman,4
1369T,Rodrigo Crespo Piedra,4
1369T,Filip Duda,4
1371T,Joris Moret,4
1371T,Amirkhamza Nasridinov,4
1373,Evan Burnett,4
1374,Zack Viiala,4
1375T,Thomas Laurent,4
1375T,Illya Marchenko,4
1375T,Julian Ocleppo,4
1378T,Aayush P. Bhat,4
1378T,Corey Craig,4
1378T,Tom Hands,4
1381,Pierre Antoine Faut,4
1382,Matias Franco Descotte,4
1383,Pedro Rodenas,4
1384T,Ryan Augusto Dos Santos,4
1384T,Rethin Pranav Senthil Kumar,4
1386T,Conor Gannon,4
1386T,Oskar Grzegorzewski,4
1386T,Jan Klimas,4
1386T,Edoardo Lavagno,4
1386T,Christian Lerby,4
1386T,Zoran Ludoski,4
1386T,Novak Novakovic,4
1386T,Kase Schinnerer,4
1386T,Ofek Shimanov,4
1386T,Fernando Yamacita,4
1396T,Aleksei Mokrov,4
1396T,Nathan Trouve,4
1398,Alessio Basile,4
1399T,Sarp Agabigun,4
1399T,Anas Bennour Dit Sahli,4
1399T,Louis Herman,4
1399T,Lingxi Zhao,4
1403T,Andrea De Marchi,4
1403T,Valentin Garay,4
1403T,Junhyeon Lee,4
1406,Julien De Cuyper,4
1407,Stefano Reitano,4
1408T,Artem Bogomolov,4
1408T,Lucio Carnevalle,4
1408T,Gabriel Evans,4
1408T,Ivan Gretskiy,4
1408T,Sebastian Grundtvig Jorgensen,4
1408T,Jan Kobierski,4
1408T,Daniel Verbeek,4
1408T,Konstantin Zhzhenov,4
1416T,Noel Larwig,4
1416T,Raphael Vaksmann,4
1418,Enzo Camargo Lima,4
1419,Leo Matthysen,4
1420T,Markus Malaszszak,4
1420T,Amir Milushev,4
1420T,Oliver Ojakaar,4
1420T,Oliver Okonkwo,4
1420T,Danil Panarin,4
1425,Siddhant Banthia,4
1426T,Nikola Djosic,4
1426T,Rayane Oumaouche,4
1428T,Nathan Anthony Barki,4
1428T,Hoyoung Roh,4
1430,Jiri Cizek,4
1431T,Mousa Alkotop,4
1431T,Lewie Lane,4
1431T,Leonid Sheyngezikht,4
1431T,Fred Simonsson,4
1435T,Jan Hrazdil,4
1435T,Ezequiel Simonit,4
1437T,Tanguy Genier,4
1437T,Yunseok Jang,4
1437T,Iker Sevilla,4
1437T,Jake Van Emburgh,4
1441,Federico Aguilar Cardozo,4
1442T,Alessandro Battiston,4
1442T,Michael Gloeckler,4
1442T,Szymon Kielan,4
1445,Nikola Jovic,4
1446,Filippo Mazzola,4
1447,Pietro Pampanin,4
1448T,Ian Luca Cervantes Tomas,4
1448T,John Hallquist Lithen,4
1448T,Naoki Tajima,4
1451,Parth Aggarwal,4
1452,Jayden Court,4
1453T,Niklas Guttau,3
1453T,Evan King,3
1453T,Vasco Leote Prata,3
1453T,Lucas Miedler,3
1453T,Matias Ponce De Leon Gomila,3
1453T,Gilberto Ravasio,3
1453T,Reese Stalder,3
1453T,Johan Tatlot,3
1453T,Matej Vocel,3
1453T,Takeru Yuzuki,3
1463T,Romain Gales,3
1463T,Alessandro Giannessi,3
1463T,Benito Massacri,3
1463T,Chun Ming Gary Yam,3
1467T,Karol Drzewiecki,3
1467T,Keaton Hance,3
1467T,Casey Hoole,3
1470T,Dillon Beckles,3
1470T,Alexis Gurmendi,3
1470T,Fnu Nidunjianzan,3
1470T,Renlong Pang,3
1470T,Yong Joon Park,3
1470T,Emilien Voisin,3
1476T,Cade Birrell,3
1476T,Thanaphat Boosarawongse,3
1476T,Tilen Kovac,3
1476T,Dante Pagani,3
1476T,Matthew Rankin,3
1476T,William Rejchtman Vinciguerra,3
1476T,Thomas Setodji,3
1476T,Iiro Vasa,3
1476T,Siem Woldeab,3
1485T,Lautaro Correa Beguerie,3
1485T,Zsombor Velcz,3
1487T,Taym Al Azmeh,3
1487T,Anton Chekhov,3
1487T,Nico Hornitschek,3
1487T,Jarno Jans,3
1487T,Lucca Liu,3
1487T,Samuel Puskar,3
1487T,Frazier Rengifo,3
1487T,Simon Reveniau,3
1487T,Keegan Rice,3
1487T,Lambert Ruland,3
1487T,Noah Schlagenhauf,3
1487T,Max Sheldon,3
1487T,Noah Zamora,3
1500T,Mirko Martinez,3
1500T,Lui Maxted,3
1500T,Dmytro Shirokyi,3
1500T,Joao Silva,3
1500T,Phoenix Weir,3
1505,Luke Saville,3
1506T,Dmitry Bessonov,3
1506T,David Eichenseher,3
1506T,Ilyas Milad Fahim,3
1506T,Noah Johnston,3
1506T,Rohan Mehra,3
1511T,Liam Krall,3
1511T,Nikolay Nedelchev,3
1513T,Vladimir Bazilevskiy,3
1513T,Rodolfo Jauregui Sainz de Rozas,3
1513T,Adam Jones,3
1513T,Arvid Nordquist,3
1513T,Braden Shick,3
1513T,Jonas Trinker,3
1519T,Filippo Alberti,3
1519T,Jiri Barnat,3
1519T,Nikita Bilozertsev,3
1519T,Alex De Gabriele,3
1519T,Jesse De Jager,3
1519T,Adam Farag Cao,3
1519T,Stefan Horia Haita,3
1519T,Vlado Jankanj,3
1519T,Sergio Planella Hernandez,3
1519T,Peetu Pohjola,3
1519T,Dominik Recek,3
1519T,Victor Hugo Remondy Pagotto,3
1519T,Tiago Silva,3
1519T,Roland Stuurman,3
1519T,Riku Takahata,3
1534T,Robert Guna,3
1534T,Bryan Hernandez Cortes,3
1534T,William Hsieh,3
1534T,Fumin Jiang,3
1534T,Yusuf Khamis,3
1534T,Nemanja Malesevic,3
1534T,Dian Nedev,3
1534T,Martins Rocens,3
1542T,Patricio Alvarado,3
1542T,Gian Matias Di Natale,3
1542T,Alex Finkelstein,3
1542T,Moritz Hoffmann,3
1542T,George Lazarov,3
1542T,Antonio Voljavec,3
1548,Photos Photiades,3
1549T,Jonas Pelle Hartenstein,3
1549T,Vadym Konovchuk,3
1549T,Benjamin Pietri,3
1549T,Bora Sengul,3
1549T,Linghao Zhang,3
1549T,Sydney Zick,3
1549T,Richard Zusman,3
1556,Matic Kriznik,3
1557T,Aaron Gil Garcia,3
1557T,Joe Leather,3
1557T,Thando Longwe-Smit,3
1557T,Louis Van Herck,3
1557T,Gabriele Volpi,3
1557T,Alexander Zgirovsky,3
1563T,Kaya Arinc,3
1563T,Daniel Batista,3
1563T,Federico Campana,3
1563T,Kylian Collignon,3
1563T,Matei Cristian Onofrei,3
1563T,Anthony Susanto,3
1563T,Pierre Antoine Tailleu,3
1563T,Matas Vasiliauskas,3
1571T,Simone Agostini,3
1571T,Luke Hooper,3
1571T,Raghav Jaisinghani,3
1571T,Thijmen Loof,3
1571T,Kazuki Nishiwaki,3
1571T,Rishi Reddy,3
1571T,Oren Vasser,3
1578T,Giovanni Calvano,3
1578T,Matic Dimic,3
1580T,Mateo Del Pino,3
1580T,Jan Jermar,3
1582,Luis Garcia Paez,3
1583T,Carles Cordoba,3
1583T,Maximilian Figl,3
1583T,Yuta Tomida,3
1586T,Matteo Lavizzari,3
1586T,Nicolo Toffanin,3
1588,Alexey Aleshchev,3
1589,Nikita Ianin,3
1590T,Alfred Almasi,2
1590T,Theo Arribage,2
1590T,Alejandro Mateo Berge Nourescu,2
1590T,Luis Britto,2
1590T,Loren Thomas Byers,2
1590T,Inigo Cervantes,2
1590T,Seongwoo Cho,2
1590T,Casper Christensen,2
1590T,Theodore Dean,2
1590T,Roberto Ferrer Guimaraes,2
1590T,Tomas Gerini,2
1590T,Benedikt Henning,2
1590T,Mats Hermans,2
1590T,Petar Jovanovic,2
1590T,Kevin King,2
1590T,Zaid Mashni,2
1590T,Anders Matta,2
1590T,Siphosothando Montsi,2
1590T,Guillermo Olaso,2
1590T,Aleksander Orlikowski,2
1590T,Hunter Reese,2
1590T,Fernando Romboli,2
1590T,Yaraslav Shyla,2
1590T,Marcelo Zormann,2
1614T,Yannick Theodor Alexandrescou,2
1614T,Tyler Bowers,2
1614T,Ryan Colby,2
1614T,Raul Garcia,2
1614T,Emiliano Jorquera,2
1614T,Sho Katayama,2
1614T,Niels Ratiu,2
1614T,Elio Jose Ribeiro Lago,2
1614T,Timofey Stepanov,2
1614T,Saki Tange,2
1624T,Kiruthik Kalyaan Annur Senthil Kumar,2
1624T,Sebastiano Cocola,2
1624T,Felipe Dreer,2
1624T,Federico Guarducci,2
1624T,Toru Horie,2
1624T,Dayne Kelly,2
1624T,Peter Nad,2
1624T,Leonardo Primucci,2
1624T,Harry Pugh,2
1624T,Sebastian Rodriguez,2
1634T,Walid Ahouda,2
1634T,Ulises Blanch,2
1634T,Charlelie Cosnet,2
1634T,Alan Kam,2
1634T,Moritz Kudernatsch,2
1634T,Melvin Kumar,2
1634T,Pavel Lagutin,2
1634T,Vardan Manukyan,2
1634T,William Mirarchi,2
1634T,Alberto Morolli,2
1634T,Andres Urrea,2
1634T,Pijus Vaitiekunas,2
1634T,Emon Van Loben Sels,2
1647T,Daniil Bogatov,2
1647T,Edoardo De Filippo,2
1647T,Dmitry Dolzhenkov,2
1647T,Jose Dominguez Alonso,2
1647T,Harold Huens,2
1647T,Botond Kisantal,2
1647T,Dheeraj Kodancha Srinivasan,2
1647T,Marko Mesarovic,2
1647T,Luka Miklavcic,2
1647T,Shu Muto,2
1647T,David Naharro,2
1647T,Dominique Rolland,2
1659T,Jerko Brkic,2
1659T,Edoardo cherie Ligniere,2
1659T,Jim Hendrikx,2
1659T,Shion Itsusaki,2
1659T,Alex Santino Nuñez Vera,2
1659T,Kosuke Shibano,2
1659T,Eyal Shumilov,2
1659T,Rafael Ymer,2
1667T,Connor Bruce,2
1667T,Yan Cheng Chen,2
1667T,Andrea Colombo,2
1667T,Pieter De Lange,2
1667T,Kevin Edengren,2
1667T,Corey Gaal,2
1667T,Spencer Gray,2
1667T,Bruno Kokot,2
1667T,Ivan Kremenchutskyi,2
1667T,Daniel Little,2
1667T,Alejandro Lopez Escribano,2
1667T,Viktor Markov,2
1667T,Duje Markovina,2
1667T,Milos Mikovic,2
1667T,Loris Pourroy,2
1667T,Grigory Shebekin,2
1667T,Anton Shepp,2
1667T,Mehluli Don Ayanda Sibanda,2
1667T,Yu Tanaka,2
1667T,Sasha Trkulja,2
1667T,Marc Van Der Merwe,2
1667T,Valentin Vanta,2
1689T,Milledge Cossu,2
1689T,Anthony Genov,2
1689T,Pranav Karthik,2
1689T,Sina Moghimi,2
1689T,Ko Suzuki,2
1689T,Dorian Tremblay,2
1689T,Ludovico Vaccari,2
1689T,Martin Antonio Vergara Del Puerto,2
1697T,Matei Florin Breazu,2
1697T,Stefan Cooper,2
1697T,Rodrigo Fernandes,2
1697T,Jarrod Joyce,2
1697T,Krittin Koaykul,2
1697T,Andrea Motta,2
1697T,William Mroz,2
1697T,Benjamin O'Connell,2
1697T,Valerio Perruzza,2
1697T,Bogdan Seleznev,2
1697T,Denis Spiridon,2
1697T,Taketo Takamisawa,2
1697T,Ronetto Van Tilburg,2
1697T,Jefferson Wendler Filho,2
1711,James Beaven,2
1712T,Ammar Alhogbani,2
1712T,Raphael Calzi,2
1712T,Lucca Helguera Casado,2
1712T,Ondrej Horak,2
1712T,Luca Parenti,2
1712T,Tobias Sonne,2
1712T,Luca Staeheli,2
1712T,Zhengyu Sun,2
1712T,Federico Valle,2
1712T,Fons Van Sambeek,2
1712T,Leopold Zima,2
1723T,S Mert Ozdemir,2
1723T,Alan Wazny,2
1725T,Stylianos Christodoulou,2
1725T,Alessandro Coccioli,2
1725T,Dax Donders,2
1725T,Sai Karteek Reddy Ganta,2
1725T,Erik Grevelius,2
1725T,Ye Hongyu,2
1725T,Jakub Kroslak,2
1725T,Zekai Li,2
1725T,Nicolas Philibert,2
1725T,Paul Valsecchi,2
1725T,Jimmy Yang,2
1725T,Daiki Yoshimura,2
1737T,Marco Furlanetto,2
1737T,Finn Murgett,2
1739T,Alvaro Bueno Gil,2
1739T,Andres Delgadillo,2
1739T,Xirui Han,2
1739T,Lukas Hellum-Lilleengen,2
1739T,Louis Larue,2
1739T,Fryderyk Lechno-Wasiutynski,2
1739T,Pablo Martinez Gomez,2
1739T,Nik Mikovic,2
1739T,Tomislav Edward Papac,2
1739T,Cedric Stanke,2
1739T,Weitao Xu,2
1750,Adam Panaras,2
1751T,Henrik Bladelius,2
1751T,Daniel Domingos,2
1751T,Carlos Giraldi,2
1751T,Samuil Konov,2
1751T,Isaac Nortey,2
1751T,Abhinav Sanjeev Shanmugam,2
1751T,Daniel Uta,2
1758T,Marcos Lee Chan Baratau,2
1758T,Petr Iamachkine,2
1758T,Gabriel Matuszewski,2
1758T,Bang Shuo Yin,2
1762,Ammar Elamin,2
1763T,Felipe De Dios,2
1763T,Maan Kesharwani,2
1763T,Leo Lagarrigue,2
1766T,Andrea Bacaloni,2
1766T,Mihai Alexandru Coman,2
1766T,Jordi Garcia Mestre,2
1769,Mateya Stanisavljevic,2
1770T,Artur Aiukhanov,1
1770T,Shaheed Alam,1
1770T,Karim Al-Amin,1
1770T,Benjamin Denis Alarcon,1
1770T,Leonardo Angeloni,1
1770T,Filip Apltauer,1
1770T,Cosimo Banti,1
1770T,Tudor Batin,1
1770T,Michael Alejandro Beltran Rubio,1
1770T,Tristan Berard,1
1770T,Mika Berghaus,1
1770T,Shivank Bhatnagar,1
1770T,Santiago Bramajo,1
1770T,Mats Bredschneijder,1
1770T,Noah Brownrigg,1
1770T,Jacob Bullard,1
1770T,Hugo Car,1
1770T,Timothy Carlsson Seger,1
1770T,Siu Chi Nicholas Cheng,1
1770T,Miles Clark,1
1770T,Alberto Colas Sanchez,1
1770T,Francesco Cordova,1
1770T,Nathan Cox,1
1770T,Cesar Cruz,1
1770T,Gabriel Decamps,1
1770T,Gianluca Di Nicola,1
1770T,Nikola Djukic Valera,1
1770T,Sid Donarski,1
1770T,Bohua Dong,1
1770T,Paul Ender,1
1770T,Xavier Ferrer Mateo,1
1770T,Giammarco Gandolfi,1
1770T,Carlos Gimeno Valero,1
1770T,Perry Gregg,1
1770T,Maxim Groysman,1
1770T,Patorn Hanchaikul,1
1770T,Hugo Hashimoto,1
1770T,Yuya Hirose,1
1770T,Dario Huber,1
1770T,Alejandro Jacome Jaramillo,1
1770T,Oskar Jansson,1
1770T,Michael Dylan Jimenez,1
1770T,Mathieu Josserand,1
1770T,Hamza Karmoussi,1
1770T,Jangjun Kim,1
1770T,Oscar Lacides,1
1770T,Yazid Lahjomri,1
1770T,Loan Lestir,1
1770T,Isaac Lhomond,1
1770T,Ferdinand Livet Novkirichka,1
1770T,Gerardo Lopez Villasenor,1
1770T,Mikolaj Lorens,1
1770T,Mihnea Maftei,1
1770T,Peter Makk,1
1770T,Maurus Malgiaritta,1
1770T,Richard Mallory,1
1770T,Maciej Matuszczyk,1
1770T,Ashton Mcleod,1
1770T,Joel Meda,1
1770T,Javier Molino,1
1770T,Mason Naumovski,1
1770T,Bruno Nhavene,1
1770T,Ricard Novell,1
1770T,Ignacio Novo,1
1770T,Alexander Orlov,1
1770T,Lukas Palovic,1
1770T,Matija Pecotic,1
1770T,Daniil Piatrouski,1
1770T,Felipe Pinzon Moreno,1
1770T,Emil Rast,1
1770T,Ishaan Ravichander,1
1770T,Tomas Rengel Sierra,1
1770T,Vincent Rettke,1
1770T,Rodrigo Reyna,1
1770T,Hudson Rivera,1
1770T,Agassi Rusher,1
1770T,Leevi Saatela,1
1770T,Daniel Sancho,1
1770T,Tiran Sanghera,1
1770T,Edoardo Santoni,1
1770T,Batyr Sapaev,1
1770T,Jack Secord,1
1770T,Hayden Shoemake,1
1770T,Mustafa Ege Sik,1
1770T,Kazuki Sugimoto,1
1770T,Luciano Tacchi,1
1770T,Connor Henry Van Schalkwyk,1
1770T,Felipe Vazquez,1
1770T,Eric David Verdes,1
1770T,Nicola Vidal,1
1770T,Max Villar,1
1770T,Gray Voelzke,1
1770T,Christian Wedel,1
1770T,Sam Wensley,1
1770T,Dominic West,1
1770T,Bartosz Wojnar,1
1770T,Anthony Wright,1
1770T,Carlos Zerega,1
1868T,Alan Abdullin,1
1868T,Mert Aytekin,1
1868T,Filip Gabriel Bara,1
1868T,Martin Benes,1
1868T,Freddy Blaydes,1
1868T,Luca Bluett,1
1868T,Victor Braga,1
1868T,Timeo Bretin,1
1868T,Omar Brigida,1
1868T,Jaime Caldes,1
1868T,Filippo Callerio,1
1868T,Salvatore Caruso,1
1868T,Luke Casper,1
1868T,Jordan Correia,1
1868T,Pasquale De Giorgio,1
1868T,Andrew Delgado,1
1868T,Vito Dell'Elba,1
1868T,Connor Doig,1
1868T,Maximus Dussault,1
1868T,Oskari Eerola,1
1868T,Ron Ellouck,1
1868T,Janos Fekete,1
1868T,Luis Felipe Ferraz Sandoval Carvalho,1
1868T,Noah Gabriel,1
1868T,Thomas Nicholas Gadecki,1
1868T,Andrei Corneliu Gadoiu,1
1868T,Syl Gaxherri,1
1868T,Iker Gaztambide Arrastia,1
1868T,Alexander Glomb,1
1868T,Aditya Govila,1
1868T,Matthew Harris,1
1868T,Alejandro Hayen,1
1868T,Nicholas Heng,1
1868T,Lucas Horve,1
1868T,Chun-Chien Hou,1
1868T,Volodymyr Iakubenko,1
1868T,Mihail Ivanov,1
1868T,Alex Jones,1
1868T,Toshiki Karigyo,1
1868T,Noah Karma,1
1868T,Dong Ju Kim,1
1868T,Jae Hwan Kim,1
1868T,Darian King,1
1868T,Chad Kissell,1
1868T,Kenzo Koistila Larsson,1
1868T,Noritaka Koizumi,1
1868T,Holden Koons,1
1868T,Veljko Krstic,1
1868T,Andrei Kunitsyn,1
1868T,Mischa Lanz,1
1868T,Eduardo Lima,1
1868T,Aleksandar Ljubojevic,1
1868T,Ajay Malik,1
1868T,Karol Malirz,1
1868T,Norbert Marosik,1
1868T,Stefan Menichella,1
1868T,Andreas Messis,1
1868T,Petr Michnev,1
1868T,Przemyslaw Michocki,1
1868T,Zhou Mingzhou,1
1868T,Moein Moazam,1
1868T,Jonathan Mridha,1
1868T,Freddy Murray,1
1868T,Andy Nguyen,1
1868T,Nicolas Oliveira,1
1868T,Oscar Otte,1
1868T,Ilija Palavestra,1
1868T,Hien Pham,1
1868T,Afonso Portugal,1
1868T,Yannik Rahman,1
1868T,Cesar Ramirez,1
1868T,Arjun Rathi,1
1868T,Carl Roothman,1
1868T,Hillel Rousseau,1
1868T,Yan Sabanin,1
1868T,Kaua Lorenzo Santos Gava,1
1868T,Jack Satterfield,1
1868T,Gabriel Schenekenberg,1
1868T,Mitchell Sheldon,1
1868T,Igor Shrolik,1
1868T,Andre Steinbach,1
1868T,Max Stenzer,1
1868T,Leonardo Taddia,1
1868T,Etienne Teboh,1
1868T,Flynn Thomas,1
1868T,Dean Thurner,1
1868T,Aadarsh Tripathi,1
1868T,Venedikt Tsirikidze,1
1868T,Yubel Ubri,1
1868T,Alexander Ushakov,1
1868T,Abdulaziz Usmonjonov,1
1868T,Sean Van Rensburg,1
1868T,Lachlan Vickery,1
1868T,Alexander Vikhlyantsev,1
1868T,Max Westphal,1
1868T,Aaron James Williams,1
1868T,Arturs Zagars,1
1868T,Zhao Zhao,1
1966T,Damir Abdusamadov,1
1966T,Zachary Adam-Gedge,1
1966T,Emiliano Aguilera,1
1966T,Mohammad Alkotop,1
1966T,Pol Amoros Ramos,1
1966T,Christos Antonopoulos,1
1966T,Romeo Arcuschin,1
1966T,Sergio Badini,1
1966T,Carson Baker,1
1966T,Sami Ben Abdennibi,1
1966T,Patricio Betancourt Gonzalez,1
1966T,Dakotah Bobo,1
1966T,Adrien Burdet,1
1966T,Cristian Campese,1
1966T,Elijah Cham,1
1966T,Duncan Chan,1
1966T,Yash Chaurasia,1
1966T,Pavlos Christoforakis,1
1966T,Julian Desousa,1
1966T,Carlos Divar,1
1966T,Marin Dumitru,1
1966T,Samyar Elyasi,1
1966T,Maxwell Exsted,1
1966T,Timeo Gaillard,1
1966T,Filippo Francesco Garbero,1
1966T,Umberto Maria Giovannini,1
1966T,Nicholas Godsick,1
1966T,Nicolas Rafael Goldberg Alviani,1
1966T,Joaquin Guilleme,1
1966T,Gregor Hausberger,1
1966T,Ryan Haviland,1
1966T,Kaeri Hernandez Mariona,1
1966T,Theo Herrmann,1
1966T,Patrik Homola,1
1966T,Haoyuan Huang,1
1966T,Rakhimbek Ibrakhimov,1
1966T,Emanuel Ivanisevic,1
1966T,Daniel Jade,1
1966T,Yeonsu Jeong,1
1966T,Atakan Karahan,1
1966T,Tarun Karra,1
1966T,Alex Kobelt,1
1966T,Luc Koenig,1
1966T,Yuhei Kono,1
1966T,Alexander Krylov,1
1966T,Lance Lage,1
1966T,Jules Leroux,1
1966T,Cyrus Mahjoob,1
1966T,Mikhail Malakhovich,1
1966T,William Manning,1
1966T,Mario Mansilla Diez,1
1966T,Daniel Marincas,1
1966T,Louroi Martinez,1
1966T,Will Mayew,1
1966T,Vladislav Melnic,1
1966T,Mak Mikovic,1
1966T,Felix Mischker,1
1966T,Abdulhamid Mubarak,1
1966T,Bernardo Munk Mesa,1
1966T,Osgar O'Hoisin,1
1966T,Bruno Pujol Navarro,1
1966T,Nico Rating,1
1966T,David Saye,1
1966T,Jonas Schaer,1
1966T,Fredrik Krogh Solheim,1
1966T,Bjorn Swenson,1
1966T,Wally Thayne,1
1966T,Xiaoyin Yang,1
1966T,Yamato Yukawa,1
1966T,Gonzalo Zeitune,1
1966T,Yu Zhang,1
2037T,Muni Ananth Mani,1
2037T,Daniel Bagnolini,1
2037T,Dusan Baranec,1
2037T,Marcell Bartakovics,1
2037T,Miguel Angel Cabrera,1
2037T,Alexander Chepik,1
2037T,Lautaro Agustin Corthey,1
2037T,Joaquim de Almeida,1
2037T,Hong-Lin Fu,1
2037T,Timothy Gray,1
2037T,Benjamin Gusic - Wan,1
2037T,Kornel Halmos,1
2037T,Tatsuma Ito,1
2037T,Jeremy Jin,1
2037T,William Jucha,1
2037T,Ivan Kazakov,1
2037T,Weiyi Kong,1
2037T,Daniel Lara Salmeron,1
2037T,Dylan Long,1
2037T,Joel Angel Lucero,1
2037T,Cian Maguire,1
2037T,Matteo Mesaglio,1
2037T,Ahmed Mouhan,1
2037T,Ren Nakamura,1
2037T,Jannik Opitz,1
2037T,Fabrizio Karol Pio Osti,1
2037T,Charlie Pade,1
2037T,Piotr Pawlak,1
2037T,Drazen Petrovic,1
2037T,Joao Portugal,1
2037T,Laelson Rodrigues,1
2037T,Hiroki Sakagawa,1
2037T,Michalis Sakellaridis,1
2037T,Manuel Sanchez,1
2037T,Piotr Siekanowicz,1
2037T,Preston Stearns,1
2037T,Yusaku Sugaya,1
2037T,Guillermo Tunas,1
2037T,Breno Rossetto Urvaneja,1
2037T,Twan Van Zijl,1
2037T,Alexander Wagner,1
2037T,Yash Yadav,1
2037T,Jeremy Zhang,1
2080T,Nikolai Barsukov,1
2080T,Sven Corbinais,1
2080T,Reuben De Klerk,1
2080T,Rahul Dhokia,1
2080T,Hamza El Amine,1
2080T,Patrick Foley,1
2080T,Andrea Gola,1
2080T,Nicolas Kobelt,1
2080T,Shaoyun Liu,1
2080T,Alexander Maggs,1
2080T,Silvio Mencaglia,1
2080T,Patrik Munkhammar,1
2080T,Boris Pokotilov,1
2080T,Darius Florin Pop,1
2080T,Atharva Sharma,1
2080T,Mikal Statham,1
2080T,Vullnet Tashi,1
2080T,Gabriel Tumasonis,1
2080T,Kian Vakili,1
2080T,Lars Goran Verwerft,1
2080T,Edouard Villoslada,1
2080T,Aditya Vishal Balsekar,1
2080T,Jakub Wojcik,1
2080T,Vitaliy Zatsepin,1
2080T,Benjamin Zuniga Garcia,1
2105T,Alejandro Bancalari,1
2105T,Max Benaim,1
2105T,Alexander Bravo,1
2105T,Antonio Caruso,1
2105T,Felix Einig,1
2105T,Alexander Frusina,1
2105T,Federico Garbero,1
2105T,Seonyong Han,1
2105T,Henri Haupt,1
2105T,Jakub Jedrzejczak,1
2105T,Jack Karlsson Wistrand,1
2105T,Goncalo Marques,1
2105T,Andrea Meduri,1
2105T,Arjun Mehrotra,1
2105T,Daniele Minighini,1
2105T,Saba George Nanobashvili,1
2105T,Gleb Sakharov,1
2105T,Gheorghe Claudiu Schinteie,1
2105T,Miha Vetrih,1
2105T,Lazar Vojinovic,1
2105T,Kerem Yilmaz,1
2105T,Minghui Zhang,1
2127T,Louis Allen,1
2127T,Marco Alvarez,1
2127T,Mateo Luis Alvarez Sarmiento,1
2127T,Guy Den Heijer,1
2127T,Oscar Galimardanov,1
2127T,Jonas Gundacker,1
2127T,Kabir Hans,1
2127T,Ryusuke Horiuchi,1
2127T,Hiromasa Koyama,1
2127T,Arthur Laborde,1
2127T,Noah Lopez,1
2127T,Essa Qabazard,1
2127T,Rafael Segado Esteve,1
2140T,Liam Delicata,1
2140T,Nicolas Garcia Longo,1
2140T,Nicolas Hollender,1
2140T,Aljaz Jeran,1
2140T,Makar Krivoshchekov,1
2140T,Enmanuel Munoz,1
2140T,Rocco Piatti,1
2140T,Matt Ponchet,1
2140T,Nicola Rispoli,1
2140T,Tommaso Schold,1
2140T,Michael Shaw,1
2140T,Guilherme Valdoleiros,1
2140T,Felipe Virgili,1
2153T,Tobias Franco,1
2153T,Viktor Frydrych,1
2153T,Aryan Lakshmanan,1
2153T,Zhan Zheng,1
2157T,Abraham Asaba,1
2157T,Yuttana Charoenphon,1
2157T,Stefan Kostic,1
2157T,Justin Roberts,1
2157T,Mattias Southcombe,1
2162T,Akram El Sallaly,1
2162T,Dmitry Kopilevich,1
2164,Benjamin Torres,1
