name,rank,rank_points
Jannik Sinner,1,"10,430"
Carlos Alcaraz,2,"9,300"
Alexander Zverev,3,"6,500"
Jack Draper,4,"4,650"
Taylor Fritz,5,"4,635"
Novak Djokovic,6,"4,630"
Lorenzo Musetti,7,"4,140"
Holger Rune,8,"3,530"
Daniil Medvedev,9,"3,420"
Ben Shelton,10,"3,130"
Alex De Minaur,11,"3,085"
Frances Tiafoe,12,"2,990"
Tommy Paul,13,"2,970"
Andrey Rublev,14,"2,920"
Casper Ruud,15,"2,905"
Arthur Fils,16,"2,830"
Jakub Mensik,17,"2,356"
Ugo Humbert,18,"2,285"
Francisco Cerundolo,19,"2,285"
Karen Khachanov,20,"2,240"
Grigor Dimitrov,21,"2,155"
Alexei Popyrin,22,"2,140"
Tomas Machac,23,"2,110"
Flavio Cobolli,24,"2,035"
Jiri Lehecka,25,"1,965"
Stefanos Tsitsipas,26,"1,920"
Alejandro Davidovich Fokina,27,"1,845"
Felix Auger-Aliassime,28,"1,825"
Tallon Griekspoor,29,"1,755"
Denis Shapovalov,30,"1,676"
Alexander Bublik,31,"1,675"
Alex Michelsen,32,"1,670"
Sebastian Korda,33,"1,655"
Brandon Nakashima,34,"1,650"
Matteo Berrettini,35,"1,515"
Giovanni Mpetshi Perricard,36,"1,411"
Nuno Borges,37,"1,400"
Sebastian Baez,38,"1,370"
Hubert Hurkacz,39,"1,335"
Gabriel Diallo,40,"1,322"
Alexandre Muller,41,"1,311"
Roberto Bautista Agut,42,"1,236"
Matteo Arnaldi,43,"1,215"
Jordan Thompson,44,"1,200"
Marcos Giron,45,"1,200"
Quentin Halys,46,"1,174"
Lorenzo Sonego,47,"1,171"
Gael Monfils,48,"1,165"
Miomir Kecmanovic,49,"1,106"
Zizou Bergs,50,"1,079"
Jacob Fearnley,51,"1,060"
Pedro Martinez,52,"1,030"
Tomas Martin Etcheverry,53,"1,025"
Joao Fonseca,54,"1,016"
Jaume Munar,55,"1,012"
Camilo Ugo Carabelli,56,"1,006"
Daniel Altmaier,57,998
Fabian Marozsan,58,990
Luciano Darderi,59,989
Laslo Djere,60,961
Cameron Norrie,61,952
Learner Tien,62,940
David Goffin,63,930
Benjamin Bonzi,64,930
Francisco Comesana,65,914
Kei Nishikori,66,903
Damir Dzumhur,67,900
Hamad Medjedovic,68,896
Corentin Moutet,69,894
Reilly Opelka,70,877
Yunchaokete Bu,71,874
Arthur Rinderknech,72,873
Mattia Bellucci,73,864
Roberto Carballes Baena,74,849
Roman Safiullin,75,831
Aleksandar Kovacevic,76,799
Christopher O'Connell,77,775
Vit Kopriva,78,757
Hugo Dellien,79,751
Juncheng Shang,80,743
Borna Coric,81,730
Yoshihito Nishioka,82,724
Marin Cilic,83,722
Alejandro Tabilo,84,705
Raphael Collignon,85,705
Hugo Gaston,86,693
Rinky Hijikata,87,693
Mackenzie Mcdonald,88,689
Ethan Quinn,89,682
Adam Walton,90,678
Mariano Navone,91,670
Botic Van De Zandschulp,92,670
Aleksandar Vukic,93,664
Pablo Carreno Busta,94,662
Luca Nardi,95,655
Chun-Hsin Tseng,96,643
Otto Virtanen,97,623
Alexander Shevchenko,98,610
Brandon Holt,99,600
Nishesh Basavareddy,100,595
Jenson Brooksby,101,577
Carlos Taberner,102,576
James Duckworth,103,566
Tristan Schoolkate,104,564
Marton Fucsovics,105,564
Jesper De Jong,106,548
Daniel Elahi Galan,107,533
Tomas Barrios Vera,108,528
Kamil Majchrzak,109,527
Cristian Garin,110,525
Filip Misolic,111,518
Juan Manuel Cerundolo,112,514
Valentin Royer,113,513
Dalibor Svrcina,114,513
Arthur Cazaux,115,505
Jaime Faria,116,503
Elmer Moller,117,499
Dusan Lajovic,118,498
Emilio Nava,119,495
Tristan Boyer,120,486
Thiago Agustin Tirante,121,486
Zhizhen Zhang,122,485
Adrian Mannarino,123,477
Terence Atmane,124,477
Jan-Lennard Struff,125,475
Nikoloz Basilashvili,126,474
Pierre-Hugues Herbert,127,474
Eliot Spizzirri,128,465
Thiago Seyboth Wild,129,461
Christopher Eubanks,130,454
Francesco Passaro,131,453
Roman Andres Burruchaga,132,453
Matteo Gigante,133,449
Colton Smith,134,448
Yannick Hanfmann,135,440
Lucas Pouille,136,439
Martin Landaluce,137,439
Fabio Fognini,138,437
Andrea Pellegrino,139,437
Vilius Gaubas,140,435
Alexander Blockx,141,423
Thiago Monteiro,142,420
Nicolas Jarry,143,418
Shintaro Mochizuki,144,413
Felipe Meligeni Alves,145,406
Thanasi Kokkinakis,146,405
Liam Draxl,147,403
Kyrian Jacquet,148,389
Marco Trungelliti,149,388
Federico Coria,150,386
Billy Harris,151,383
Ignacio Buse,152,383
Stan Wawrinka,153,382
Daniel Evans,154,375
Juan Pablo Ficovich,155,373
Taro Daniel,156,370
Henrique Rocha,157,366
Nicolas Moreno De Alboran,158,364
Dino Prizmic,159,364
Zsombor Piros,160,362
Federico Agustin Gomez,161,360
Jerome Kym,162,355
Chris Rodesch,163,346
Mitchell Krueger,164,344
Sebastian Ofner,165,343
Li Tu,166,342
Marc-Andrea Huesler,167,340
Mark Lajal,168,338
Lukas Neumayer,169,338
Hady Habib,170,328
Richard Gasquet,171,324
Coleman Wong,172,321
Ugo Blanchet,173,317
Guy Den Ouden,174,317
Hugo Grenier,175,316
Dmitry Popko,176,313
Yosuke Watanuki,177,312
Calvin Hemery,178,310
Alex Bolt,179,309
Luca Van Assche,180,309
James Mccabe,181,308
Alibek Kachmazov,182,308
Duje Ajdukovic,183,307
Harold Mayot,184,304
Lukas Klein,185,298
Sho Shimabukuro,186,295
Federico Arnaboldi,187,295
Alexander Ritschard,188,294
Mikhail Kukushkin,189,294
Murphy Cassone,190,294
Santiago Rodriguez Taverna,191,288
August Holmgren,192,285
Benjamin Hassan,193,284
Titouan Droguet,194,283
Jurij Rodionov,195,283
Jay Clarke,196,283
Constant Lestienne,197,282
James Trotter,198,279
Facundo Diaz Acosta,199,277
Jan Choinski,200,277
Jason Kubler,201,275
Omar Jasika,202,271
Daniel Rincon,203,271
Pol Martin Tiffon,204,271
Yasutaka Uchiyama,205,269
Gauthier Onclin,206,266
Alexis Galarneau,207,265
Alejandro Moro Canas,208,262
Timofey Skatov,209,262
Vitaliy Sachko,210,262
Aziz Dougaz,211,260
Albert Ramos-Vinolas,212,259
Pavel Kotov,213,257
Bernard Tomic,214,257
Clement Tabur,215,254
Aslan Karatsev,216,254
Borna Gojo,217,253
Yuta Shimizu,218,253
Justin Engel,219,253
Rodrigo Pacheco Mendez,220,252
Elias Ymer,221,251
Rio Noguchi,222,251
Murkel Dellien,223,250
Johannus Monday,224,249
Andrea Collarini,225,249
Dimitar Kuzmanov,226,248
Gustavo Heide,227,247
Ilia Simakin,228,247
Zachary Svajda,229,246
Arthur Bouquier,230,246
Viktor Durasovic,231,245
Adolfo Daniel Vallejo,232,243
Alvaro Guillen Meza,233,242
Clement Chidekh,234,242
Daniel Merida,235,241
Kimmer Coppejans,236,240
Francesco Maestrelli,237,240
Dominic Stricker,238,239
Nerman Fatic,239,239
Patrick Kypson,240,238
Luka Pavlovic,241,237
Yu Hsiou Hsu,242,235
Nicolas Mejia,243,234
Fajing Sun,244,231
Max Houkes,245,231
Khumoyun Sultanov,246,231
Beibit Zhukayev,247,229
Oliver Crawford,248,229
Saba Purtseladze,249,229
Joao Lucas Reis Da Silva,250,226
Juan Pablo Varillas,251,225
Edas Butvilas,252,225
Yan Bai,253,224
Facundo Mena,254,222
Marek Gengel,255,222
Antoine Escoffier,256,220
Mili Poljicak,257,218
Marat Sharipov,258,216
Sascha Gueymard Wayenburg,259,215
Alex Barrena,260,214
Valentin Vacherot,261,213
Andres Andrade,262,213
Ryan Peniston,263,213
Frederico Ferreira Silva,264,212
Gabriel Debru,265,211
Max Hans Rehberg,266,210
Denis Yevseyev,267,210
Juan Carlos Prado Angelo,268,209
Ivan Gakhov,269,207
Mathys Erhard,270,207
Matias Soto,271,206
Lorenzo Giustino,272,206
Carlos Sanchez Jover,273,205
Filip Cristian Jianu,274,204
Maximilian Marterer,275,203
Marko Topo,276,202
Geoffrey Blancaneaux,277,202
Tung-Lin Wu,278,201
Federico Cina,279,198
Patrick Zahraj,280,198
Jack Pinnington Jones,281,196
Christoph Negritu,282,196
Lautaro Midon,283,196
Eliakim Coulibaly,284,195
Yibing Wu,285,193
Gonzalo Bueno,286,193
Matheus Pucinelli De Almeida,287,192
Jie Cui,288,192
Karue Sell,289,191
Arthur Gea,290,190
Rei Sakamoto,291,187
Matteo Martineau,292,186
George Loffhagen,293,185
Gonzalo Oliveira,294,185
Michael Geerts,295,182
Sumit Nagal,296,180
Daniel Michalski,297,176
Radu Albot,298,172
Aidan Mayo,299,172
Marco Cecchinato,300,171
Andrej Martin,301,171
Genaro Alberto Olivieri,302,171
Nicolai Budkov Kjaer,303,169
Mika Brunold,304,169
Juan Bautista Torres,305,169
Gijs Brouwer,306,168
Nicolas Alvarez Varona,307,168
Blake Ellis,308,166
Jacopo Berrettini,309,165
Stefano Travaglia,310,164
Tyler Zink,311,164
Renzo Olivo,312,164
Corentin Denolly,313,163
Remy Bertola,314,163
Javier Barranco Cosano,315,162
Mateus Alves,316,162
Emil Ruusuvuori,317,161
Oriol Roca Batalla,318,161
Max Purcell,319,160
Lloyd Harris,320,159
Yi Zhou,321,159
Jelle Sels,322,159
Robert Strombachs,323,159
Petr Bar Biryukov,324,159
Patrick Maloney,325,158
Adrian Andreev,326,157
Michael Mmoh,327,156
Norbert Gombos,328,156
Andrea Vavassori,329,155
Roberto Cid Subervi,330,154
Hynek Barton,331,154
Pedro Sakamoto,332,152
Moez Echargui,333,152
Alexey Vatutin,334,150
Robin Bertrand,335,150
Naoki Nakagawa,336,148
Raul Brancaccio,337,148
Oleg Prihodko,338,148
Alex Marti Pujolras,339,147
Abdullah Shelbayh,340,147
Christian Langmo,341,145
Gastao Elias,342,145
Dan Added,343,145
Luciano Emanuel Ambrogi,344,145
Nikolas Sanchez Izquierdo,345,144
Cezar Cretu,346,143
Rudolf Molleker,347,143
Moerani Bouzige,348,143
Oleksandr Ovcharenko,349,142
Luka Mikrut,350,141
Giulio Zeppieri,351,140
Alex Rybakov,352,140
Andres Martin,353,140
Diego Dedura,354,140
Nicholas David Ionel,355,140
Jakub Paul,356,139
Henri Squire,357,139
Svyatoslav Gulin,358,139
Enrico Dalla Valle,359,138
Garrett Johns,360,138
Bernabe Zapata Miralles,361,137
Daniel Dutra Da Silva,362,137
Pedro Boscardin Dias,363,137
Franco Roncadelli,364,136
Tiago Pereira,365,135
Mats Rosenkranz,366,134
Stefan Kozlov,367,133
Matej Dodig,368,133
Gregoire Barrere,369,132
Masamichi Imamura,370,132
Andre Ilagan,371,132
Gabi Adrian Boitan,372,131
Lucas Poullain,373,131
Alastair Gray,374,130
Milos Karol,375,130
Toby Kodat,376,130
Seongchan Hong,377,129
Govind Nanda,378,129
Fabrizio Andaloro,379,128
Gonzalo Villanueva,380,127
Hyeon Chung,381,126
Alfredo Perez,382,126
Jozef Kovalik,383,125
Adria Soriano Barrera,384,125
Florent Bax,385,125
Sandro Kopp,386,124
Giovanni Fonio,387,124
Joel Schwaerzler,388,124
Marc Polmans,389,122
Kasidit Samrej,390,122
Tom Paris,391,121
Inaki Montes-De La Torre,392,121
Lukas Pokorny,393,121
Maximus Jones,394,120
Nicolas Kicker,395,119
Neil Oberleitner,396,119
Federico Bondioli,397,119
Hiroki Moriya,398,118
Andrej Nedic,399,117
Guido Ivan Justo,400,117
Ricardas Berankis,401,116
Tom Gentzsch,402,116
J.J. Wolf,403,115
Stefan Dostanic,404,115
Laurent Lokoli,405,115
Matthew Dellavedova,406,115
Maximilian Neuchrist,407,114
Daniil Glinka,408,114
Juan Carlos Aguilar,409,113
Alexey Zakharov,410,112
Benjamin Lock,411,111
Franco Agamenone,412,111
Gabriele Pennaforti,413,111
Mariano Kestelboim,414,110
Mukund Sasikumar,415,109
Zdenek Kolar,416,109
Alexandr Binda,417,109
Manuel Guinard,418,108
Yusuke Takahashi,419,108
Max Wiskandt,420,108
Henry Searle,421,106
Paul Jubb,422,105
Stefanos Sakellaridis,423,105
Miguel Damas,424,105
Max Alcala Gurri,425,105
Enzo Couacaud,426,104
Dennis Novak,427,104
Gabriele Piraino,428,104
Evgeny Karlovskiy,429,103
Kris Van Wyk,430,103
Philip Henning,431,102
Iliyan Radulov,432,102
Maxime Janvier,433,101
Stuart Parker,434,101
Alvin Nicholas Tudorica,435,101
Alex Martinez,436,100
Karan Singh,437,100
Kilian Feldbausch,438,99
Oleksii Krutykh,439,99
Valerio Aboian,440,98
Tibo Colson,441,98
Sergey Fomin,442,98
Petr Nesterov,443,98
Woobin Shin,444,97
Gerard Campana Lee,445,96
Sanhui Shin,446,95
Vadym Ursu,447,95
Giles Hussey,448,94
Dominik Koepfer,449,93
Maxime Cressy,450,93
Anton Matusevich,451,93
Lilian Marmousez,452,93
Aryan Shah,453,93
Ryan Nijboer,454,93
Gianluca Mager,455,92
Alessandro Pecci,456,92
Maxime Chazal,457,92
Martin Krumich,458,92
Juan Manuel La Serna,459,92
Gilles Arnaud Bailly,460,92
Arthur Fery,461,91
Jakub Nicod,462,91
Ergi Kirkin,463,91
Tommaso Compagnucci,464,91
Andrea Picchione,465,91
Gianluca Cadenasso,466,90
Kokoro Isomura,467,90
Eric Vanshelboim,468,90
Joris De Loore,469,89
Darwin Blanch,470,89
Kyle Edmund,471,89
Bor Artnak,472,88
Pedro Araujo,473,88
Maks Kasnikowski,474,87
Daniel Masur,475,87
Charles Broom,476,87
Philip Sekulic,477,86
Dali Blanch,478,85
Yurii Dzhavakian,479,85
Alex Molcan,480,84
Petr Brunclik,481,84
Marvin Moeller,482,84
Olaf Pieczkowski,483,84
Ryan Seggerman,484,83
Pedro Cachin,485,83
Micah Braswell,486,83
Hernan Casanova,487,83
Peter Fajta,488,83
Branko Djuric,489,83
Erik Arutiunian,490,83
Alex Hernandez,491,82
Olle Wallin,492,81
Ajeet Rai,493,81
Harry Wendelken,494,81
Aidan Mchugh,495,80
Egor Agafonov,496,80
Keegan Smith,497,80
Michael Zheng,498,79
Aristotelis Thanos,499,79
Michael Vrbensky,500,79
Maxim Mrva,501,78
Leo Borg,502,78
Leandro Riedi,503,77
Eduardo Ribeiro,504,77
Peter Bertran,505,77
Benoit Paire,506,77
Ryuki Matsuda,507,77
Jake Delaney,508,77
Arthur Reymond,509,76
Viacheslav Bielinskyi,510,76
Cem Ilkel,511,76
Cannon Kingsley,512,76
David Jorda Sanchis,513,76
Loann Massard,514,76
Christian Sigsgaard,515,75
Takuya Kumasaka,516,75
Nikolay Vylegzhanin,517,75
Martin Damm,518,74
Alec Beckley,519,74
Alejo Sanchez Quilez,520,74
Evgenii Tiurnev,521,73
Tadeas Paroulek,522,73
Felix Corwin,523,73
Egor Gerasimov,524,72
Martin Klizan,525,72
Maxwell Mckennon,526,72
Manuel Mazza,527,71
Luca Castelnuovo,528,71
Tristan Lamasine,529,70
Federico Iannaccone,530,70
Andrea Guerrieri,531,69
Rigele Te,532,69
Florian Broska,533,69
Dan Alexandru Tomescu,534,69
Lorenzo Carboni,535,69
Lorenzo Joaquin Rodriguez,536,69
Tsung-Hao Huang,537,69
Kirill Kivattsev,538,69
Soonwoo Kwon,539,68
Antoine Cornut-Chauvinc,540,67
Conner Huertas Del Pino,541,67
Shintaro Imai,542,67
Jiri Vesely,543,67
Michiel De Krom,544,67
Hamish Stewart,545,67
Mae Malige,546,67
Elmar Ejupovic,547,67
Dominik Kellovsky,548,67
Stefan Palosi,549,67
Alberto Barroso Campos,550,67
Aleksandre Bakshi,551,67
Karl Poling,552,67
Stefan Adrian Andreescu,553,67
Rafael Jodar,554,66
Facundo Juarez,555,66
Yuki Mochizuki,556,66
Liam Broady,557,66
Luca Potenza,558,66
Diego Schwartzman,559,65
Lucas Gerch,560,65
Kaichi Uchida,561,65
James Story,562,65
Dan Martin,563,65
Pierluigi Basile,564,64
Kenta Miyoshi,565,64
Steven Diez,566,64
Arthur Weber,567,64
Filippo Romano,568,64
Blake Mott,569,64
Bruno Kuzuhara,570,64
Hikaru Shiraishi,571,64
Alexander Weis,572,64
Pablo Llamas Ruiz,573,63
Andrew Paulson,574,63
Dane Sweeny,575,63
Eero Vasa,576,63
Evan Zhu,577,63
Keisuke Saitoh,578,62
Samuel Vincent Ruggeri,579,62
Louis Wessels,580,62
Yanki Erel,581,61
Alafia Ayeni,582,61
Juan Estevez,583,61
Filip Peliwo,584,61
Daniel Milavsky,585,60
Hazem Naw,586,60
Tomas Farjat,587,60
Dusan Obradovic,588,60
Luca Castagnola,589,60
Stefan Popovic,590,60
Jonas Forejtek,591,59
Etienne Donnet,592,59
Ewen Lumsden,593,59
Joao Eduardo Schiessl,594,59
Joao Domingues,595,58
Renta Tokuda,596,58
Maxim Zhukov,597,58
Bogdan Bobrov,598,58
Max Basing,599,57
Julio Cesar Porras,600,57
Antoine Ghibaudo,601,56
Filippo Moroni,602,56
Jose Pereira,603,56
Imanol Lopez Morillo,604,56
Mitsuki Wei Kang Leong,605,56
Tim Handel,606,56
Aziz Ouakaa,607,56
Altug Celikbilek,608,55
Gianmarco Ferrari,609,55
John Echeverria,610,55
Fares Zakaria,611,55
Tristan Mccormick,612,55
Michael Agwi,613,54
Damien Wenger,614,54
Felix Gill,615,54
Leonardo Rossi,616,54
Alex Knaff,617,54
Dev Javia,618,54
Omni Kumar,619,53
Sean Cuenin,620,53
Jules Marie,621,53
Jacob Brumm,622,53
Aidan Kim,623,52
Denis Klok,624,52
Buvaysar Gadamauri,625,52
Juan Pablo Paz,626,52
Kenny De Schepper,627,52
Andrey Chepelev,628,52
Ramkumar Ramanathan,629,51
Samir Banerjee,630,51
Radu Mihai Papoe,631,51
Arda Azkara,632,51
Ernesto Escobedo,633,51
Louis Dussin,634,51
Pawit Sornlaksup,635,51
Maxence Beauge,636,51
Nick Kyrgios,637,50
Mikael Ymer,638,50
Theo Papamalamis,639,50
Massimo Giunta,640,50
Ben Jones,641,50
Carlos Lopez Montagud,642,50
Dominik Palan,643,50
Sergi Perez Contri,644,50
Vladyslav Orlov,645,50
Robin Catry,646,49
Emile Hudd,647,49
Edward Winter,648,49
Ye Cong Mo,649,49
Lucas Bouquet,650,49
John Sperle,651,49
Niels Visker,652,49
Adrian Oetzbach,653,49
Pedro Rodrigues,654,48
Ryotaro Taguchi,655,48
Mathias Bourgue,656,48
Mees Rottgering,657,48
Sebastian Gima,658,48
Wishaya Trongcharoenchaikul,659,48
Orlando Luz,660,47
Linang Xiao,661,47
Adhithya Ganesan,662,47
Taisei Ichikawa,663,47
Strong Kirchheimer,664,47
Stijn Slump,665,47
Mario Gonzalez Fernandez,666,47
Nick Hardt,667,46
Tianhui Zhang,668,46
Mohamed Safwat,669,46
Hayato Matsuoka,670,46
Michal Krajci,671,46
Kosuke Ogura,672,46
Trevor Svajda,673,45
Jacopo Vasami,674,45
Tuncay Duran,675,45
Mikalai Haliak,676,45
Johan Alexander Rodriguez,677,45
Nino Ehrenschneider,678,45
Colin Sinclair,679,45
Aleksandr Braynin,680,45
Jack Loge,681,45
Kyle Kang,682,44
Jisung Nam,683,44
Mirza Basic,684,44
Justin Boulais,685,44
Sebastian Sorger,686,44
Pavle Marinkov,687,44
Thanapet Chanta,688,44
Giovanni Oradini,689,44
Alexander Donski,690,43
Filip Jeff Planinsek,691,43
Ilya Snitari,692,43
Carlo Alberto Caniato,693,43
Paulo Andre Saraiva Dos Santos,694,43
Lorenzo Rottoli,695,43
William Grant,696,43
Emilien Demanet,697,43
Andres Santamarta Roig,698,42
Stefano Napolitano,699,42
Ignacio Monzon,700,42
Francisco Rocha,701,42
Johan Nikles,702,42
Alejandro Manzanera Pertusa,703,42
Mert Alkaya,704,42
Samir Hamza Reguig,705,42
Millen Hurrion,706,41
Andrew Fenty,707,41
Diego Augusto Barreto Sanchez,708,41
Guillaume Dalmasso,709,41
Raphael Perot,710,40
Trey Hilderbrand,711,40
Elliot Benchetrit,712,40
Uisung Park,713,40
Nicolas Arseneault,714,40
Axel Garcian,715,40
Ivan Marrero Curbelo,716,40
Deney Wassermann,717,39
Bautista Vilicich,718,39
Yaroslav Demin,719,39
Igor Gimenez,720,39
Pawel Juszczak,721,38
James Watt,722,38
Tomasz Berkieta,723,38
Wilson Leite,724,38
Adam Neff,725,37
Isaiah Strode,726,37
Jacob Bradshaw,727,37
Gabriel Ghetu,728,37
Kuan-Yi Lee,729,37
Amaury Raynel,730,37
Noah Schachter,731,37
Niccolo Catini,732,37
Oliver Tarvet,733,36
Denis Kudla,734,36
Quinn Vandecasteele,735,36
Leo Vithoontien,736,36
Matthew William Donald,737,36
Devin Badenhorst,738,35
Akira Santillan,739,35
Gergely Madarasz,740,35
Marcello Serafini,741,35
Manas Dhamne,742,35
Pierre Yves Bailly,743,34
Martin Borisiouk,744,34
Nick Chappell,745,34
Semen Pankin,746,34
Lautaro Agustin Falabella,747,34
Gavin Young,748,33
Miguel Tobon,749,33
Alexis Gautier,750,33
Cyril Vandermeersch,751,33
Aleksandr Lobanov,752,33
Yuta Kawahashi,753,33
Abel Forger,754,33
S D Prajwal Dev,755,33
Timo Legout,756,32
Evgeny Donskoy,757,32
Lorenzo Bocchi,758,32
Ali Yazdani,759,32
Joshua Sheehy,760,32
Fausto Tabacco,761,32
Pietro Fellin,762,32
Alexander Klintcharov,763,32
Taha Baadi,764,32
Amr Elsayed,765,32
Dragos Nicolae Cazacu,766,32
Savva Polukhin,767,31
Alejo Lorenzo Lingua Lavallen,768,31
Sebastian Fanselow,769,31
Pablo Masjuan Ginel,770,31
Kiranpal Pannu,771,31
Ignacio Parisca Romera,772,31
Khololwam Montsi,773,30
Jack Anthrop,774,30
Ozan Baris,775,30
Duarte Vale,776,30
Filip Pieczonka,777,30
Kai Wehnelt,778,30
Yanaki Milev,779,30
Henry Bernet,780,29
Mate Valkusz,781,29
Luis Carlos Alvarez,782,29
Orel Kimhi,783,29
Pierre Delage,784,29
Mateo Barreiros Reyes,785,29
Dinko Dinev,786,29
Martin Van Der Meerschen,787,29
Taiyo Yamanaka,788,29
Rudy Quan,789,28
Daniel Cukierman,790,28
Savriyan Danilov,791,28
Yusuke Kusuhara,792,28
Jakub Filip,793,28
Shinji Hazawa,794,28
Rodrigo Alujas,795,28
Sebastian Prechtel,796,28
Yuta Kikuchi,797,28
Ivan Ivanov,798,27
Daniel Antonio Nunez,799,27
Gilbert Klier Junior,800,27
Naoya Honda,801,27
Alan Fernando Rubio Fierros,802,27
Maik Steiner,803,27
Matthew Summers,804,27
Sidharth Rawat,805,27
Georgii Kravchenko,806,27
Louis Tessa,807,27
Iannis Miletich,808,27
Ezekiel Clark,809,27
Michele Ribecai,810,27
Marlon Vankan,811,27
Santiago De La Fuente,812,26
Enzo Wallart,813,26
Mwendwa Mbithi,814,26
Leonardo Aboian,815,26
Miles Jones,816,26
Samuele Pieri,817,26
Kane Bonsach Ganley,818,26
Nikita Mashtakov,819,26
Zura Tkemaladze,820,26
Ryan Fishback,821,26
Mariano Tammaro,822,26
Tomohiro Masabayashi,823,26
Francesco Forti,824,25
Blu Baker,825,25
Liam Gavrielides,826,25
Cruz Hewitt,827,25
Moise Kouame,828,25
Oliver Anderson,829,25
Matt Hulme,830,25
Victor Lilov,831,25
Albert Pedrico Kravtsov,832,25
Tai Sach,833,25
Tyler Stice,834,25
Mert Naci Turker,835,25
Tomas Curras Abasolo,836,25
Maxence Bertimon,837,25
Stefano D'Agostino,838,25
Niklas Schell,839,25
Mihai Razvan Marinescu,840,25
Saveliy Ivanov,841,25
Grigoriy Lomakin,842,25
Juan Ignacio Londero,843,24
Facundo Bagnis,844,24
Vuk Radjenovic,845,24
Tomas Serrano Luis,846,24
Nicolas Tepmahc,847,24
Felix Balshaw,848,24
Gustavo Ribeiro De Almeida,849,24
Chirag Duhan,850,24
Jasza Szajrych,851,24
Franco Ribero,852,24
Pietro Marino,853,24
Josip Simundza,854,24
Joaquin Aguilar Cardozo,855,24
Shunsuke Mitsui,856,23
Alexander Bernard,857,23
Ilya Ivashka,858,23
Jea Moon Lee,859,23
Patrick Brady,860,23
Luca Preda,861,23
Thomas Faurel,862,23
Nikola Basic,863,23
Alexandre Reco,864,23
Evgeny Philippov,865,23
Thiago Cigarran,866,23
Benjamin Thomas George,867,23
Amit Vales,868,23
Nicolas Jadoun,869,23
Constantin Bittoun Kouzmine,870,23
Diego Fernandez Flores,871,23
Dhakshineswar Suresh,872,22
David Pichler,873,22
Sora Fukuda,874,22
Maximilian Homberg,875,22
Jesse Flores,876,22
Elgin Khoeblal,877,22
Benjamin Winter Lopez,878,22
Adrien Gobat,879,22
Leo Raquillet,880,22
Juan Sebastian Osorio,881,22
Michael Bassem Sobhy,882,22
Sergio Callejon Hernando,883,22
Igor Marcondes,884,21
Antoine Bellier,885,21
Blaz Rola,886,21
Ivan Nedelko,887,21
Toby Samuel,888,21
Juan Cruz Martin Manzano,889,21
Matt Kuhar,890,21
Giuseppe La Vela,891,21
Filip Krajinovic,892,20
Georgi Georgiev,893,20
Peter Heller,894,20
Radu David Turcanu,895,20
Kalin Ivanovski,896,20
Alan Magadan,897,20
Aliaksandr Liaonenka,898,20
Samuel Heredia,899,20
Thomas Braithwaite,900,20
Benjamin Torrealba,901,20
Arthur Nagel,902,20
Daisuke Sumizawa,903,20
Jan Kupcic,904,20
Kristjan Tamm,905,20
Niccolò Ciavarella,906,20
Dimitris Sakellaridis,907,20
Nam Hoang Ly,908,19
Amir Omarkhanov,909,19
Alexander Stater,910,19
Alessandro Bellifemine,911,19
Adil Kalyanpur,912,19
Lucas Marionneau,913,19
Lasse Poertner,914,19
Daniel De Jonge,915T,19
Artur Kukasian,915T,19
Maxence Rivet,917,19
Kaylan Bigun,918,18
Thomas Fancutt,919,18
Oliver Bonding,920,18
Ioannis Xilas,921,18
Blaise Bicknell,922,18
Matteo Covato,923,18
Siddharth Vishwakarma,924,18
Daniel Paty,925,18
Duckhee Lee,926,18
Brian Bozemoj,927,18
Menelaos Efstathiou,928,18
Yanis Ghazouani Durand,929,18
Toby Martin,930,18
Jesse Delaney,931,18
Noah Perfetti,932,18
Seydina Andre,933,18
Alexandre Aubriot,934,18
Luca Pow,935,17
Juan Sebastian Gomez,936,17
Jay Dylan Hara Friend,937T,17
Ognjen Milic,937T,17
Filippo Speziali,939,17
Stefan Latinovic,940,17
Alberto Bronzetti,941,17
Chanyeong Oh,942,17
Elijah Strode,943,17
Yaojie Zeng,944,17
Gregor Ramskogler,945,17
Axel Nefve,946,17
Joshua Charlton,947,17
Peter Buldorini,948,17
Andrea Fiorentini,949,17
Diogo Marques,950,17
Philip Hjorth,951,17
Gabriele Maria Noce,952,17
Guido Andreozzi,953,16
Kaito Uesugi,954,16
Maciej Rajski,955,16
Kristijan Juhas,956,16
Pedro Vives Marcos,957,16
Timofei Derepasko,958,16
Sebastian Eriksson,959,16
Eric Hadigian,960T,16
Karlis Ozolins,960T,16
Jaden Weekes,962,16
Thomas Deschamps,963,16
Mariano Dedura-Palomero,964,16
Simon Beaupain,965,16
Nino Serdarusic,966,16
Jumpei Yamasaki,967,16
Ruslan Tiukaev,968,16
Ishaque Eqbal,969,16
Chase Ferguson,970,16
Bogdan Pavel,971,16
Benito Sanchez Martinez,972T,15
Kuang Qing Xu,972T,15
Lorenzo Gagliardo,974,15
Harrison Adams,975,15
Nicola Kuhn,976,15
Pepijn Bastiaansen,977,15
Yun Seong Chung,978,15
Oskari Paldanius,979,15
Sebastian Dominko,980,15
Jan Kumstat,981,15
Aristarkh Safonov,982,15
Mikhail Gorokhov,983,15
Michel Hopp,984,15
Adan Freire Da Silva,985,15
Attila Boros,986,15
David Poljak,987,15
Marko Maksimovic,988,15
Matyas Cerny,989,15
Sheng Tang,990,15
Charlie Camus,991,15
Brandon Perez,992,15
Preston Brown,993,15
Patrick Schoen,994,14
Yassine Dlimi,995,14
Seita Watanabe,996,14
Dylan Dietrich,997,14
Kriish Tyagi,998,14
Alexander Kotzen,999,14
Petros Tsitsipas,1000,14
Sidane Pontjodikromo,1001,14
Ioan Alexandru Chirita,1002T,14
Carles Hernandez,1002T,14
Maxim Shin,1002T,14
Simeon Stankovic,1005,14
Daniil Ostapenkov,1006,14
Matteo De Vincentis,1007,14
Pablo Trochu,1008,14
Koki Matsuda,1009,14
Jeremy Gschwendtner,1010,14
Aldin Setkic,1011,14
Younes Lalami Laaroussi,1012,14
Justin Schlageter,1013,14
Lorenzo Sciahbasi,1014,14
Finn Bass,1015,14
Nathan Ponwith,1016,14
Giannicola Misasi,1017,14
Oscar Jose Gutierrez,1018,14
Michael Zhu,1019,14
Nikola Milojevic,1020,13
Alec Deckers,1021,13
Franco Emanuel Egea,1022,13
Cooper Williams,1023,13
Oscar Weightman,1024,13
Ryotero Matsumura,1025,13
Isaac Becroft,1026,13
Enzo Kohlmann De Freitas,1027,13
Viktor Jovic,1028,13
Cleeve Harper,1029,13
Vishnu Vardhan,1030,13
Marcel Zielinski,1031,13
Collin Altamirano,1032,13
Aleksa Pisaric,1033,13
M Rifki Fitriadi,1034,13
Andrin Casanova,1035,13
Karol Filar,1036,13
Oscar Moraing,1037,13
Illya Beloborodko,1038,13
Lorenzo Lorusso,1039,13
Nico Hipfl,1040,13
Daniil Sarksian,1041,13
Zhenxiong Dong,1042,13
Arthur Bonnaud,1043,13
Valentin Basel,1044T,13
Ezequiel Monferrer,1044T,13
Riccardo Bonadio,1046,12
Justin Barki,1047,12
Thai-Son Kwiatkowski,1048,12
Adrian Bodmer,1049,12
Tymur Bieldiugin,1050,12
Derek Pham,1051,12
Reda Bennani,1052,12
Milan Welte,1053,12
Shunsuke Nakagawa,1054,12
Leo Deflandre,1055,12
Roger Pascual Ferra,1056,12
Phillip Jordan,1057,12
Patrick Kaukovalta,1058,12
Alen Mujakic,1059,12
Manuel Plunger,1060,12
Nicolas Bruna,1061,12
Fernando Cavallo,1062,12
Hayden Jones,1063,12
Gian Marco Ortenzi,1064,12
Juan Bautista Otegui,1065,12
Jacopo Bilardo,1066,12
Martyn Pawelski,1067,12
Evan Bynoe,1068,12
Nitin Kumar Sinha,1069,12
Pengyu Lu,1070,12
Boris Butulija,1071,12
Zhe Li,1072,11
Lucas Andrade Da Silva,1073,11
Mario Martinez Serrano,1074,11
Carl Emil Overbeck,1075,11
Aleksa Ciric,1076,11
Joshua Lapadat,1077,11
Cezar Gabriel Papoe,1078,11
Antoine Hoang,1079,11
Rishab Agarwal,1080,11
Cengiz Aksu,1081,11
Toufik Sahtali,1082,11
Rafael De Alba,1083,11
Jeffrey Von Der Schulenburg,1084,11
Jackson Ross,1085,11
Ronald Hohmann,1086,11
Aaron Funk,1087,11
Rafael Izquierdo Luque,1088,11
Niels Lootsma,1089,11
Mikael Arseneault,1090,11
Mika Lipp,1091,11
Charles Chen,1092,11
Kuzey Cekirge,1093,11
Sungbeen Sim,1094,11
Corban Crowther,1095,11
Hugo Pierre,1096,11
Mika Petkovic,1097,11
Izan Almazan Valiente,1098,11
Yuvan Nandal,1099,11
Sam Ryan Ziegann,1100,11
Nicolas Villalon,1101,11
Pavlos Tsitsipas,1102,11
Stian Klaassen,1103T,10
Lucas Renard,1103T,10
Pietro Romeo Scomparin,1103T,10
Henri Laaksonen,1106,10
Lorenzo Claverie,1107,10
Enzo Aguiard,1108T,10
Christopher Li,1108T,10
Guy Orly Iradukunda,1110,10
Christopher Bulus,1111,10
Ilgiz Valiev,1112,10
Hugo Coquelin,1113,10
Nicolas Zanellato,1114,10
Jack Loutit,1115,10
Chen Dong,1116,10
Manish Sureshkumar,1117,10
Matisse Bobichon,1118,10
Lucio Ratti,1119,10
Aoran Wang,1120,10
Dimitris Azoidis,1121T,10
Joao Vitor Goncalves Ceolin,1121T,10
Samuel Alejandro Linde Palacios,1121T,10
Mark Whitehouse,1124,10
Alejandro Turriziani Alvarez,1125,10
Matthias Ujvary,1126,10
Francesco Ferrari,1127,10
Stefan Vujic,1128,10
Luc Fomba,1129T,10
Sasa Markovic,1129T,10
Rares Teodor Pieleanu,1131,10
Hanyi Liu,1132,10
Issei Okamura,1133,10
Ali Habib,1134,10
Nicolas Ifi,1135,10
Tristan Stringer,1136,10
Keshav Chopra,1137,10
Luca Fantini,1138,10
Gokberk Saritas,1139,10
Paul Barbier Gazeu,1140T,9
Niccolo Baroni,1140T,9
Mehdi Benchakroun,1142,9
Liam Branger,1143,9
Arklon Huertas Del Pino Cordova,1144,9
Jirat Navasirisomboon,1145,9
Vesa Ahti,1146,9
Marcel Kamrowski,1147,9
Thantub Suksumrarn,1148,9
Yuto Oki,1149,9
Tim Ruehl,1150,9
Tomas Martinez,1151T,9
Iker Urribarrens Ramirez,1151T,9
Kacper Szymkowiak,1153,9
Vito Tonejc,1154,9
Antoine Berger,1155T,9
Yannik Kelm,1155T,9
Pavel Verbin,1157,9
Daniel Salazar,1158,9
Adam Heinonen,1159,9
Bekkhan Atlangeriev,1160,9
Makoto Ochi,1161,9
Max Schoenhaus,1162,9
Valentin Kopeikin,1163,9
Marcus Walters,1164,9
Charles Bertimon,1165,9
Noah Thurner,1166,9
Leonardo Malgaroli,1167,9
Mohamed Nazim Makhlouf,1168,9
Bastian Malla,1169T,8
Rohan Murali,1169T,8
Thijs Boogaard,1171,8
Artem Dubrivnyy,1172,8
Jack Kennedy,1173,8
Charlie Robertson,1174,8
Ryo Tabata,1175,8
Benjamin Willwerth,1176,8
Igor Kudriashov,1177,8
Andres Fernandez Canovas,1178T,8
Daniel Siniakov,1178T,8
Antoine Vincent,1178T,8
Adit Sinha,1181,8
Ray Ho,1182,8
Alejandro Juan Mano,1183,8
Luca Wiedenmann,1184,8
Nikola Slavic,1185,8
Alan Bojarski,1186,8
Qian Sun,1187,8
Luke Simkiss,1188,8
Carlos Maria Zarate,1189,8
Ioannis Kountourakis,1190T,8
Andrea Paolini,1190T,8
Ryan Dickerson,1192,8
Mikail Alimli,1193T,8
Ignacio Antonio Becerra Otarola,1193T,8
Loic Namigandet Tenguere,1195,8
Gabriele Bosio,1196T,8
David Fix,1196T,8
Yuichiro Inui,1198,8
Xing Dao Chen,1199,8
Ivan Denisov,1200,8
Ricardo Rodriguez - Pace,1201,8
Manel Lazaro Juncadella,1202,8
Daniel Khazime,1203,8
Alexander Petrov,1204,8
Leyton Rivera,1205,8
Jeremy Schifris,1206,8
Federico Gaio,1207,7
Fermin Tenti,1208,7
Alejandro Arcila,1209,7
Karim Bennani,1210,7
Karl Kazuma Lee,1211T,7
Calin Teodor Stirbu,1211T,7
Alberto Lim,1213,7
Giulio Perego,1214,7
Vlad Andrei Dancu,1215,7
Joshua Peck,1216T,7
Alessandro Spadola,1216T,7
Vit Kalina,1218T,7
Stijn Pel,1218T,7
Benjamin Hannestad,1220,7
Julian Cundom,1221,7
Yshai Oliel,1222,7
Kody Pearson,1223,7
Mathieu Scaglia,1224,7
Giorgio Tabacco,1225,7
Pranav Kumar,1226,7
Ignasi Forcano Aparicio,1227T,7
Samuele Seghetti,1227T,7
Mateo Castañeda,1229,7
Fadi Bidan,1230,7
Matteo Fondriest,1231T,7
Andreas Timini,1231T,7
Salvador Price,1233,7
Fabien Salle,1234,7
Daniele Rapagnetta,1235,7
Yuquan Jin,1236,7
Timo Stodder,1237,6
Leo Raquin,1238,6
Nicolas Ian Kotzen,1239T,6
Alexander Rozin,1239T,6
Evan Furness,1241,6
Cedrik-Marcel Stebe,1242,6
Jagger Leach,1243,6
Jelani Sarr,1244,6
Vasek Pospisil,1245,6
Damien Salvestre,1246,6
Cing-Yang Meng,1247,6
Tiago Torres,1248,6
Geun Jun Kim,1249,6
Dylan Salton,1250T,6
Vladan Tadic,1250T,6
Samuel Brosset,1252T,6
Spencer Johnson,1252T,6
Gage Brymer,1254T,6
Adam Jilly,1254T,6
Gian Gruenig,1256,6
Luca Giacomini,1257,6
Jean-Christian Morandais,1258,6
Ryota Tanuma,1259,6
Nicaise Muamba,1260,6
Luciano Carraro,1261,6
Vincent Marysko,1262,6
Bharath Nishok Kumaran,1263,6
Ethan Cook,1264T,6
Valentin Lapalu,1264T,6
Yua Taka,1266,6
Admir Kalender,1267T,6
Kasra Rahmani,1267T,6
Rocco Valente,1269,6
Rafael Tosetto,1270,6
Markus Molder,1271T,6
Denis Petak,1271T,6
Manvydas Balciunas,1273,6
Radovan Michalik,1274,6
Joao Graca,1275T,6
Alp Horoz,1275T,6
François Musitelli,1275T,6
Tadeo Meneo,1278,6
Drew Van Orderlain,1279,6
Kazuma Kawachi,1280,6
Aleksander Chayka,1281T,6
Hernando Jose Escurra Isnardi,1281T,6
Marc Majdandzic,1281T,6
Reece Falck,1284,6
Credit Chaiyarin,1285,6
Lawrence Bataljin,1286,6
Lucca Pinto,1287,6
Karim Ibrahim,1288,6
Sean Hess,1289,6
Jonathan Eysseric,1290,5
Teymuraz Gabashvili,1291,5
Andres Gabriel Ciurletti,1292T,5
Niels Peter Van Noord,1292T,5
Christian Djonov,1294,5
Stepan Baum,1295T,5
Suk Hyun Choo,1295T,5
Gabriel Donev,1295T,5
Lorenzo Esquici,1295T,5
Matyas Fuele,1295T,5
Jj Tracy,1300,5
Bryce Nakashima,1301T,5
Nicolas Parizzia,1301T,5
Antoine Walch,1303,5
Gabriel Elicha Navas,1304T,5
Alexander Vasilev,1304T,5
Cooper Woestendick,1304T,5
William Jansen,1307,5
Alejandro Garcia Carbajal,1308,5
Maikel De Boes,1309T,5
Herman Hoeyeraal,1309T,5
Shu Matsuoka,1309T,5
Kacper Zuk,1309T,5
Ignacio Carou,1313,5
Alessio Vasquez Gehrke,1314,5
Peter Benjamin Privara,1315,5
Madhwin Kamath,1316,5
Lorenzo Beraldo,1317T,5
Jonas Kucera,1317T,5
Yvo Panak,1317T,5
Natan Rodrigues,1317T,5
Martin Sabas,1317T,5
Scott Jones,1322,5
Matthew Thomson,1323,5
Leonardo Cattaneo,1324,5
Edoardo Zanada,1325,5
Cesar Bouchelaghem,1326,5
Alberto Odiseo Alvarado Berrospi,1327T,5
Karim-Mohamed Maamoun,1327T,5
Anas Mazdrashki,1329,5
Jorge Plans,1330,5
Vlad Cristian Breazu,1331T,5
Rafael Kis Balazs,1331T,5
Edison Ambarzumjan,1333T,5
Sekou Bangoura,1333T,5
Alan Raul Sau Franco,1333T,5
Miljan Zekic,1336,5
Joao Victor Couto Loureiro,1337T,5
Gabriele Vulpitta,1337T,5
Stijn Paardekooper,1339,5
Romain Faucon,1340,5
Gabor Hornung,1341T,5
Tomas Lanik,1341T,5
Piet Luis Pinter,1343T,5
Amador Salazar,1343T,5
Gorazd Srbljak,1343T,5
Patrik Oplustil,1346T,5
Seungmin Park,1346T,5
Billy Suarez,1346T,5
Jurriaan Bol,1349T,5
Nicolas Buitrago,1349T,5
Giacomo Crisostomo,1349T,5
Filip Krolo,1349T,5
Alexis Canter,1353,5
Nikos Lehmann,1354,5
Yeong-Seok Jeong,1355T,5
Maximo Zeitune,1355T,5
Bruno Fernandez,1357,5
Juan Jose Bianchi,1358,5
Sergi Fita Juan,1359T,5
Niklas Waldner,1359T,5
Lorenzo Angelini,1361,5
Koray Kirci,1362,5
Blake Bayldon,1363T,4
Francisco Cabral,1363T,4
Paul Inchauspe,1363T,4
Markos Kalovelonis,1366T,4
Alex Kuperstein,1366T,4
Aleksi Lofman,1366T,4
Rodrigo Crespo Piedra,1369T,4
Filip Duda,1369T,4
Joris Moret,1371T,4
Amirkhamza Nasridinov,1371T,4
Evan Burnett,1373,4
Zack Viiala,1374,4
Thomas Laurent,1375T,4
Illya Marchenko,1375T,4
Julian Ocleppo,1375T,4
Aayush P. Bhat,1378T,4
Corey Craig,1378T,4
Tom Hands,1378T,4
Pierre Antoine Faut,1381,4
Matias Franco Descotte,1382,4
Pedro Rodenas,1383,4
Ryan Augusto Dos Santos,1384T,4
Rethin Pranav Senthil Kumar,1384T,4
Conor Gannon,1386T,4
Oskar Grzegorzewski,1386T,4
Jan Klimas,1386T,4
Edoardo Lavagno,1386T,4
Christian Lerby,1386T,4
Zoran Ludoski,1386T,4
Novak Novakovic,1386T,4
Kase Schinnerer,1386T,4
Ofek Shimanov,1386T,4
Fernando Yamacita,1386T,4
Aleksei Mokrov,1396T,4
Nathan Trouve,1396T,4
Alessio Basile,1398,4
Sarp Agabigun,1399T,4
Anas Bennour Dit Sahli,1399T,4
Louis Herman,1399T,4
Lingxi Zhao,1399T,4
Andrea De Marchi,1403T,4
Valentin Garay,1403T,4
Junhyeon Lee,1403T,4
Julien De Cuyper,1406,4
Stefano Reitano,1407,4
Artem Bogomolov,1408T,4
Lucio Carnevalle,1408T,4
Gabriel Evans,1408T,4
Ivan Gretskiy,1408T,4
Sebastian Grundtvig Jorgensen,1408T,4
Jan Kobierski,1408T,4
Daniel Verbeek,1408T,4
Konstantin Zhzhenov,1408T,4
Noel Larwig,1416T,4
Raphael Vaksmann,1416T,4
Enzo Camargo Lima,1418,4
Leo Matthysen,1419,4
Markus Malaszszak,1420T,4
Amir Milushev,1420T,4
Oliver Ojakaar,1420T,4
Oliver Okonkwo,1420T,4
Danil Panarin,1420T,4
Siddhant Banthia,1425,4
Nikola Djosic,1426T,4
Rayane Oumaouche,1426T,4
Nathan Anthony Barki,1428T,4
Hoyoung Roh,1428T,4
Jiri Cizek,1430,4
Mousa Alkotop,1431T,4
Lewie Lane,1431T,4
Leonid Sheyngezikht,1431T,4
Fred Simonsson,1431T,4
Jan Hrazdil,1435T,4
Ezequiel Simonit,1435T,4
Tanguy Genier,1437T,4
Yunseok Jang,1437T,4
Iker Sevilla,1437T,4
Jake Van Emburgh,1437T,4
Federico Aguilar Cardozo,1441,4
Alessandro Battiston,1442T,4
Michael Gloeckler,1442T,4
Szymon Kielan,1442T,4
Nikola Jovic,1445,4
Filippo Mazzola,1446,4
Pietro Pampanin,1447,4
Ian Luca Cervantes Tomas,1448T,4
John Hallquist Lithen,1448T,4
Naoki Tajima,1448T,4
Parth Aggarwal,1451,4
Jayden Court,1452,4
Niklas Guttau,1453T,3
Evan King,1453T,3
Vasco Leote Prata,1453T,3
Lucas Miedler,1453T,3
Matias Ponce De Leon Gomila,1453T,3
Gilberto Ravasio,1453T,3
Reese Stalder,1453T,3
Johan Tatlot,1453T,3
Matej Vocel,1453T,3
Takeru Yuzuki,1453T,3
Romain Gales,1463T,3
Alessandro Giannessi,1463T,3
Benito Massacri,1463T,3
Chun Ming Gary Yam,1463T,3
Karol Drzewiecki,1467T,3
Keaton Hance,1467T,3
Casey Hoole,1467T,3
Dillon Beckles,1470T,3
Alexis Gurmendi,1470T,3
Fnu Nidunjianzan,1470T,3
Renlong Pang,1470T,3
Yong Joon Park,1470T,3
Emilien Voisin,1470T,3
Cade Birrell,1476T,3
Thanaphat Boosarawongse,1476T,3
Tilen Kovac,1476T,3
Dante Pagani,1476T,3
Matthew Rankin,1476T,3
William Rejchtman Vinciguerra,1476T,3
Thomas Setodji,1476T,3
Iiro Vasa,1476T,3
Siem Woldeab,1476T,3
Lautaro Correa Beguerie,1485T,3
Zsombor Velcz,1485T,3
Taym Al Azmeh,1487T,3
Anton Chekhov,1487T,3
Nico Hornitschek,1487T,3
Jarno Jans,1487T,3
Lucca Liu,1487T,3
Samuel Puskar,1487T,3
Frazier Rengifo,1487T,3
Simon Reveniau,1487T,3
Keegan Rice,1487T,3
Lambert Ruland,1487T,3
Noah Schlagenhauf,1487T,3
Max Sheldon,1487T,3
Noah Zamora,1487T,3
Mirko Martinez,1500T,3
Lui Maxted,1500T,3
Dmytro Shirokyi,1500T,3
Joao Silva,1500T,3
Phoenix Weir,1500T,3
Luke Saville,1505,3
Dmitry Bessonov,1506T,3
David Eichenseher,1506T,3
Ilyas Milad Fahim,1506T,3
Noah Johnston,1506T,3
Rohan Mehra,1506T,3
Liam Krall,1511T,3
Nikolay Nedelchev,1511T,3
Vladimir Bazilevskiy,1513T,3
Rodolfo Jauregui Sainz De Rozas,1513T,3
Adam Jones,1513T,3
Arvid Nordquist,1513T,3
Braden Shick,1513T,3
Jonas Trinker,1513T,3
Filippo Alberti,1519T,3
Jiri Barnat,1519T,3
Nikita Bilozertsev,1519T,3
Alex De Gabriele,1519T,3
Jesse De Jager,1519T,3
Adam Farag Cao,1519T,3
Stefan Horia Haita,1519T,3
Vlado Jankanj,1519T,3
Sergio Planella Hernandez,1519T,3
Peetu Pohjola,1519T,3
Dominik Recek,1519T,3
Victor Hugo Remondy Pagotto,1519T,3
Tiago Silva,1519T,3
Roland Stuurman,1519T,3
Riku Takahata,1519T,3
Robert Guna,1534T,3
Bryan Hernandez Cortes,1534T,3
William Hsieh,1534T,3
Fumin Jiang,1534T,3
Yusuf Khamis,1534T,3
Nemanja Malesevic,1534T,3
Dian Nedev,1534T,3
Martins Rocens,1534T,3
Patricio Alvarado,1542T,3
Gian Matias Di Natale,1542T,3
Alex Finkelstein,1542T,3
Moritz Hoffmann,1542T,3
George Lazarov,1542T,3
Antonio Voljavec,1542T,3
Photos Photiades,1548,3
Jonas Pelle Hartenstein,1549T,3
Vadym Konovchuk,1549T,3
Benjamin Pietri,1549T,3
Bora Sengul,1549T,3
Linghao Zhang,1549T,3
Sydney Zick,1549T,3
Richard Zusman,1549T,3
Matic Kriznik,1556,3
Aaron Gil Garcia,1557T,3
Joe Leather,1557T,3
Thando Longwe-Smit,1557T,3
Louis Van Herck,1557T,3
Gabriele Volpi,1557T,3
Alexander Zgirovsky,1557T,3
Kaya Arinc,1563T,3
Daniel Batista,1563T,3
Federico Campana,1563T,3
Kylian Collignon,1563T,3
Matei Cristian Onofrei,1563T,3
Anthony Susanto,1563T,3
Pierre Antoine Tailleu,1563T,3
Matas Vasiliauskas,1563T,3
Simone Agostini,1571T,3
Luke Hooper,1571T,3
Raghav Jaisinghani,1571T,3
Thijmen Loof,1571T,3
Kazuki Nishiwaki,1571T,3
Rishi Reddy,1571T,3
Oren Vasser,1571T,3
Giovanni Calvano,1578T,3
Matic Dimic,1578T,3
Mateo Del Pino,1580T,3
Jan Jermar,1580T,3
Luis Garcia Paez,1582,3
Carles Cordoba,1583T,3
Maximilian Figl,1583T,3
Yuta Tomida,1583T,3
Matteo Lavizzari,1586T,3
Nicolo Toffanin,1586T,3
Alexey Aleshchev,1588,3
Nikita Ianin,1589,3
Alfred Almasi,1590T,2
Theo Arribage,1590T,2
Alejandro Mateo Berge Nourescu,1590T,2
Luis Britto,1590T,2
Loren Thomas Byers,1590T,2
Inigo Cervantes,1590T,2
Seongwoo Cho,1590T,2
Casper Christensen,1590T,2
Theodore Dean,1590T,2
Roberto Ferrer Guimaraes,1590T,2
Tomas Gerini,1590T,2
Benedikt Henning,1590T,2
Mats Hermans,1590T,2
Petar Jovanovic,1590T,2
Kevin King,1590T,2
Zaid Mashni,1590T,2
Anders Matta,1590T,2
Siphosothando Montsi,1590T,2
Guillermo Olaso,1590T,2
Aleksander Orlikowski,1590T,2
Hunter Reese,1590T,2
Fernando Romboli,1590T,2
Yaraslav Shyla,1590T,2
Marcelo Zormann,1590T,2
Yannick Theodor Alexandrescou,1614T,2
Tyler Bowers,1614T,2
Ryan Colby,1614T,2
Raul Garcia,1614T,2
Emiliano Jorquera,1614T,2
Sho Katayama,1614T,2
Niels Ratiu,1614T,2
Elio Jose Ribeiro Lago,1614T,2
Timofey Stepanov,1614T,2
Saki Tange,1614T,2
Kiruthik Kalyaan Annur Senthil Kumar,1624T,2
Sebastiano Cocola,1624T,2
Felipe Dreer,1624T,2
Federico Guarducci,1624T,2
Toru Horie,1624T,2
Dayne Kelly,1624T,2
Peter Nad,1624T,2
Leonardo Primucci,1624T,2
Harry Pugh,1624T,2
Sebastian Rodriguez,1624T,2
Walid Ahouda,1634T,2
Ulises Blanch,1634T,2
Charlelie Cosnet,1634T,2
Alan Kam,1634T,2
Moritz Kudernatsch,1634T,2
Melvin Kumar,1634T,2
Pavel Lagutin,1634T,2
Vardan Manukyan,1634T,2
William Mirarchi,1634T,2
Alberto Morolli,1634T,2
Andres Urrea,1634T,2
Pijus Vaitiekunas,1634T,2
Emon Van Loben Sels,1634T,2
Daniil Bogatov,1647T,2
Edoardo De Filippo,1647T,2
Dmitry Dolzhenkov,1647T,2
Jose Dominguez Alonso,1647T,2
Harold Huens,1647T,2
Botond Kisantal,1647T,2
Dheeraj Kodancha Srinivasan,1647T,2
Marko Mesarovic,1647T,2
Luka Miklavcic,1647T,2
Shu Muto,1647T,2
David Naharro,1647T,2
Dominique Rolland,1647T,2
Jerko Brkic,1659T,2
Edoardo Cherie Ligniere,1659T,2
Jim Hendrikx,1659T,2
Shion Itsusaki,1659T,2
Alex Santino Nuñez Vera,1659T,2
Kosuke Shibano,1659T,2
Eyal Shumilov,1659T,2
Rafael Ymer,1659T,2
Connor Bruce,1667T,2
Yan Cheng Chen,1667T,2
Andrea Colombo,1667T,2
Pieter De Lange,1667T,2
Kevin Edengren,1667T,2
Corey Gaal,1667T,2
Spencer Gray,1667T,2
Bruno Kokot,1667T,2
Ivan Kremenchutskyi,1667T,2
Daniel Little,1667T,2
Alejandro Lopez Escribano,1667T,2
Viktor Markov,1667T,2
Duje Markovina,1667T,2
Milos Mikovic,1667T,2
Loris Pourroy,1667T,2
Grigory Shebekin,1667T,2
Anton Shepp,1667T,2
Mehluli Don Ayanda Sibanda,1667T,2
Yu Tanaka,1667T,2
Sasha Trkulja,1667T,2
Marc Van Der Merwe,1667T,2
Valentin Vanta,1667T,2
Milledge Cossu,1689T,2
Anthony Genov,1689T,2
Pranav Karthik,1689T,2
Sina Moghimi,1689T,2
Ko Suzuki,1689T,2
Dorian Tremblay,1689T,2
Ludovico Vaccari,1689T,2
Martin Antonio Vergara Del Puerto,1689T,2
Matei Florin Breazu,1697T,2
Stefan Cooper,1697T,2
Rodrigo Fernandes,1697T,2
Jarrod Joyce,1697T,2
Krittin Koaykul,1697T,2
Andrea Motta,1697T,2
William Mroz,1697T,2
Benjamin O'Connell,1697T,2
Valerio Perruzza,1697T,2
Bogdan Seleznev,1697T,2
Denis Spiridon,1697T,2
Taketo Takamisawa,1697T,2
Ronetto Van Tilburg,1697T,2
Jefferson Wendler Filho,1697T,2
James Beaven,1711,2
Ammar Alhogbani,1712T,2
Raphael Calzi,1712T,2
Lucca Helguera Casado,1712T,2
Ondrej Horak,1712T,2
Luca Parenti,1712T,2
Tobias Sonne,1712T,2
Luca Staeheli,1712T,2
Zhengyu Sun,1712T,2
Federico Valle,1712T,2
Fons Van Sambeek,1712T,2
Leopold Zima,1712T,2
S Mert Ozdemir,1723T,2
Alan Wazny,1723T,2
Stylianos Christodoulou,1725T,2
Alessandro Coccioli,1725T,2
Dax Donders,1725T,2
Sai Karteek Reddy Ganta,1725T,2
Erik Grevelius,1725T,2
Ye Hongyu,1725T,2
Jakub Kroslak,1725T,2
Zekai Li,1725T,2
Nicolas Philibert,1725T,2
Paul Valsecchi,1725T,2
Jimmy Yang,1725T,2
Daiki Yoshimura,1725T,2
Marco Furlanetto,1737T,2
Finn Murgett,1737T,2
Alvaro Bueno Gil,1739T,2
Andres Delgadillo,1739T,2
Xirui Han,1739T,2
Lukas Hellum-Lilleengen,1739T,2
Louis Larue,1739T,2
Fryderyk Lechno-Wasiutynski,1739T,2
Pablo Martinez Gomez,1739T,2
Nik Mikovic,1739T,2
Tomislav Edward Papac,1739T,2
Cedric Stanke,1739T,2
Weitao Xu,1739T,2
Adam Panaras,1750,2
Henrik Bladelius,1751T,2
Daniel Domingos,1751T,2
Carlos Giraldi,1751T,2
Samuil Konov,1751T,2
Isaac Nortey,1751T,2
Abhinav Sanjeev Shanmugam,1751T,2
Daniel Uta,1751T,2
Marcos Lee Chan Baratau,1758T,2
Petr Iamachkine,1758T,2
Gabriel Matuszewski,1758T,2
Bang Shuo Yin,1758T,2
Ammar Elamin,1762,2
Felipe De Dios,1763T,2
Maan Kesharwani,1763T,2
Leo Lagarrigue,1763T,2
Andrea Bacaloni,1766T,2
Mihai Alexandru Coman,1766T,2
Jordi Garcia Mestre,1766T,2
Mateya Stanisavljevic,1769,2
Artur Aiukhanov,1770T,1
Shaheed Alam,1770T,1
Karim Al-Amin,1770T,1
Benjamin Denis Alarcon,1770T,1
Leonardo Angeloni,1770T,1
Filip Apltauer,1770T,1
Cosimo Banti,1770T,1
Tudor Batin,1770T,1
Michael Alejandro Beltran Rubio,1770T,1
Tristan Berard,1770T,1
Mika Berghaus,1770T,1
Shivank Bhatnagar,1770T,1
Santiago Bramajo,1770T,1
Mats Bredschneijder,1770T,1
Noah Brownrigg,1770T,1
Jacob Bullard,1770T,1
Hugo Car,1770T,1
Timothy Carlsson Seger,1770T,1
Siu Chi Nicholas Cheng,1770T,1
Miles Clark,1770T,1
Alberto Colas Sanchez,1770T,1
Francesco Cordova,1770T,1
Nathan Cox,1770T,1
Cesar Cruz,1770T,1
Gabriel Decamps,1770T,1
Gianluca Di Nicola,1770T,1
Nikola Djukic Valera,1770T,1
Sid Donarski,1770T,1
Bohua Dong,1770T,1
Paul Ender,1770T,1
Xavier Ferrer Mateo,1770T,1
Giammarco Gandolfi,1770T,1
Carlos Gimeno Valero,1770T,1
Perry Gregg,1770T,1
Maxim Groysman,1770T,1
Patorn Hanchaikul,1770T,1
Hugo Hashimoto,1770T,1
Yuya Hirose,1770T,1
Dario Huber,1770T,1
Alejandro Jacome Jaramillo,1770T,1
Oskar Jansson,1770T,1
Michael Dylan Jimenez,1770T,1
Mathieu Josserand,1770T,1
Hamza Karmoussi,1770T,1
Jangjun Kim,1770T,1
Oscar Lacides,1770T,1
Yazid Lahjomri,1770T,1
Loan Lestir,1770T,1
Isaac Lhomond,1770T,1
Ferdinand Livet Novkirichka,1770T,1
Gerardo Lopez Villasenor,1770T,1
Mikolaj Lorens,1770T,1
Mihnea Maftei,1770T,1
Peter Makk,1770T,1
Maurus Malgiaritta,1770T,1
Richard Mallory,1770T,1
Maciej Matuszczyk,1770T,1
Ashton Mcleod,1770T,1
Joel Meda,1770T,1
Javier Molino,1770T,1
Mason Naumovski,1770T,1
Bruno Nhavene,1770T,1
Ricard Novell,1770T,1
Ignacio Novo,1770T,1
Alexander Orlov,1770T,1
Lukas Palovic,1770T,1
Matija Pecotic,1770T,1
Daniil Piatrouski,1770T,1
Felipe Pinzon Moreno,1770T,1
Emil Rast,1770T,1
Ishaan Ravichander,1770T,1
Tomas Rengel Sierra,1770T,1
Vincent Rettke,1770T,1
Rodrigo Reyna,1770T,1
Hudson Rivera,1770T,1
Agassi Rusher,1770T,1
Leevi Saatela,1770T,1
Daniel Sancho,1770T,1
Tiran Sanghera,1770T,1
Edoardo Santoni,1770T,1
Batyr Sapaev,1770T,1
Jack Secord,1770T,1
Hayden Shoemake,1770T,1
Mustafa Ege Sik,1770T,1
Kazuki Sugimoto,1770T,1
Luciano Tacchi,1770T,1
Connor Henry Van Schalkwyk,1770T,1
Felipe Vazquez,1770T,1
Eric David Verdes,1770T,1
Nicola Vidal,1770T,1
Max Villar,1770T,1
Gray Voelzke,1770T,1
Christian Wedel,1770T,1
Sam Wensley,1770T,1
Dominic West,1770T,1
Bartosz Wojnar,1770T,1
Anthony Wright,1770T,1
Carlos Zerega,1770T,1
Alan Abdullin,1868T,1
Mert Aytekin,1868T,1
Filip Gabriel Bara,1868T,1
Martin Benes,1868T,1
Freddy Blaydes,1868T,1
Luca Bluett,1868T,1
Victor Braga,1868T,1
Timeo Bretin,1868T,1
Omar Brigida,1868T,1
Jaime Caldes,1868T,1
Filippo Callerio,1868T,1
Salvatore Caruso,1868T,1
Luke Casper,1868T,1
Jordan Correia,1868T,1
Pasquale De Giorgio,1868T,1
Andrew Delgado,1868T,1
Vito Dell'Elba,1868T,1
Connor Doig,1868T,1
Maximus Dussault,1868T,1
Oskari Eerola,1868T,1
Ron Ellouck,1868T,1
Janos Fekete,1868T,1
Luis Felipe Ferraz Sandoval Carvalho,1868T,1
Noah Gabriel,1868T,1
Thomas Nicholas Gadecki,1868T,1
Andrei Corneliu Gadoiu,1868T,1
Syl Gaxherri,1868T,1
Iker Gaztambide Arrastia,1868T,1
Alexander Glomb,1868T,1
Aditya Govila,1868T,1
Matthew Harris,1868T,1
Alejandro Hayen,1868T,1
Nicholas Heng,1868T,1
Lucas Horve,1868T,1
Chun-Chien Hou,1868T,1
Volodymyr Iakubenko,1868T,1
Mihail Ivanov,1868T,1
Alex Jones,1868T,1
Toshiki Karigyo,1868T,1
Noah Karma,1868T,1
Dong Ju Kim,1868T,1
Jae Hwan Kim,1868T,1
Darian King,1868T,1
Chad Kissell,1868T,1
Kenzo Koistila Larsson,1868T,1
Noritaka Koizumi,1868T,1
Holden Koons,1868T,1
Veljko Krstic,1868T,1
Andrei Kunitsyn,1868T,1
Mischa Lanz,1868T,1
Eduardo Lima,1868T,1
Aleksandar Ljubojevic,1868T,1
Ajay Malik,1868T,1
Karol Malirz,1868T,1
Norbert Marosik,1868T,1
Stefan Menichella,1868T,1
Andreas Messis,1868T,1
Petr Michnev,1868T,1
Przemyslaw Michocki,1868T,1
Zhou Mingzhou,1868T,1
Moein Moazam,1868T,1
Jonathan Mridha,1868T,1
Freddy Murray,1868T,1
Andy Nguyen,1868T,1
Nicolas Oliveira,1868T,1
Oscar Otte,1868T,1
Ilija Palavestra,1868T,1
Hien Pham,1868T,1
Afonso Portugal,1868T,1
Yannik Rahman,1868T,1
Cesar Ramirez,1868T,1
Arjun Rathi,1868T,1
Carl Roothman,1868T,1
Hillel Rousseau,1868T,1
Yan Sabanin,1868T,1
Kaua Lorenzo Santos Gava,1868T,1
Jack Satterfield,1868T,1
Gabriel Schenekenberg,1868T,1
Mitchell Sheldon,1868T,1
Igor Shrolik,1868T,1
Andre Steinbach,1868T,1
Max Stenzer,1868T,1
Leonardo Taddia,1868T,1
Etienne Teboh,1868T,1
Flynn Thomas,1868T,1
Dean Thurner,1868T,1
Aadarsh Tripathi,1868T,1
Venedikt Tsirikidze,1868T,1
Yubel Ubri,1868T,1
Alexander Ushakov,1868T,1
Abdulaziz Usmonjonov,1868T,1
Sean Van Rensburg,1868T,1
Lachlan Vickery,1868T,1
Alexander Vikhlyantsev,1868T,1
Max Westphal,1868T,1
Aaron James Williams,1868T,1
Arturs Zagars,1868T,1
Zhao Zhao,1868T,1
Damir Abdusamadov,1966T,1
Zachary Adam-Gedge,1966T,1
Emiliano Aguilera,1966T,1
Mohammad Alkotop,1966T,1
Pol Amoros Ramos,1966T,1
Christos Antonopoulos,1966T,1
Romeo Arcuschin,1966T,1
Sergio Badini,1966T,1
Carson Baker,1966T,1
Sami Ben Abdennibi,1966T,1
Patricio Betancourt Gonzalez,1966T,1
Dakotah Bobo,1966T,1
Adrien Burdet,1966T,1
Cristian Campese,1966T,1
Elijah Cham,1966T,1
Duncan Chan,1966T,1
Yash Chaurasia,1966T,1
Pavlos Christoforakis,1966T,1
Julian Desousa,1966T,1
Carlos Divar,1966T,1
Marin Dumitru,1966T,1
Samyar Elyasi,1966T,1
Maxwell Exsted,1966T,1
Timeo Gaillard,1966T,1
Filippo Francesco Garbero,1966T,1
Umberto Maria Giovannini,1966T,1
Nicholas Godsick,1966T,1
Nicolas Rafael Goldberg Alviani,1966T,1
Joaquin Guilleme,1966T,1
Gregor Hausberger,1966T,1
Ryan Haviland,1966T,1
Kaeri Hernandez Mariona,1966T,1
Theo Herrmann,1966T,1
Patrik Homola,1966T,1
Haoyuan Huang,1966T,1
Rakhimbek Ibrakhimov,1966T,1
Emanuel Ivanisevic,1966T,1
Daniel Jade,1966T,1
Yeonsu Jeong,1966T,1
Atakan Karahan,1966T,1
Tarun Karra,1966T,1
Alex Kobelt,1966T,1
Luc Koenig,1966T,1
Yuhei Kono,1966T,1
Alexander Krylov,1966T,1
Lance Lage,1966T,1
Jules Leroux,1966T,1
Cyrus Mahjoob,1966T,1
Mikhail Malakhovich,1966T,1
William Manning,1966T,1
Mario Mansilla Diez,1966T,1
Daniel Marincas,1966T,1
Louroi Martinez,1966T,1
Will Mayew,1966T,1
Vladislav Melnic,1966T,1
Mak Mikovic,1966T,1
Felix Mischker,1966T,1
Abdulhamid Mubarak,1966T,1
Bernardo Munk Mesa,1966T,1
Osgar O'Hoisin,1966T,1
Bruno Pujol Navarro,1966T,1
Nico Rating,1966T,1
David Saye,1966T,1
Jonas Schaer,1966T,1
Fredrik Krogh Solheim,1966T,1
Bjorn Swenson,1966T,1
Wally Thayne,1966T,1
Xiaoyin Yang,1966T,1
Yamato Yukawa,1966T,1
Gonzalo Zeitune,1966T,1
Yu Zhang,1966T,1
Muni Ananth Mani,2037T,1
Daniel Bagnolini,2037T,1
Dusan Baranec,2037T,1
Marcell Bartakovics,2037T,1
Miguel Angel Cabrera,2037T,1
Alexander Chepik,2037T,1
Lautaro Agustin Corthey,2037T,1
Joaquim De Almeida,2037T,1
Hong-Lin Fu,2037T,1
Timothy Gray,2037T,1
Benjamin Gusic - Wan,2037T,1
Kornel Halmos,2037T,1
Tatsuma Ito,2037T,1
Jeremy Jin,2037T,1
William Jucha,2037T,1
Ivan Kazakov,2037T,1
Weiyi Kong,2037T,1
Daniel Lara Salmeron,2037T,1
Dylan Long,2037T,1
Joel Angel Lucero,2037T,1
Cian Maguire,2037T,1
Matteo Mesaglio,2037T,1
Ahmed Mouhan,2037T,1
Ren Nakamura,2037T,1
Jannik Opitz,2037T,1
Fabrizio Karol Pio Osti,2037T,1
Charlie Pade,2037T,1
Piotr Pawlak,2037T,1
Drazen Petrovic,2037T,1
Joao Portugal,2037T,1
Laelson Rodrigues,2037T,1
Hiroki Sakagawa,2037T,1
Michalis Sakellaridis,2037T,1
Manuel Sanchez,2037T,1
Piotr Siekanowicz,2037T,1
Preston Stearns,2037T,1
Yusaku Sugaya,2037T,1
Guillermo Tunas,2037T,1
Breno Rossetto Urvaneja,2037T,1
Twan Van Zijl,2037T,1
Alexander Wagner,2037T,1
Yash Yadav,2037T,1
Jeremy Zhang,2037T,1
Nikolai Barsukov,2080T,1
Sven Corbinais,2080T,1
Reuben De Klerk,2080T,1
Rahul Dhokia,2080T,1
Hamza El Amine,2080T,1
Patrick Foley,2080T,1
Andrea Gola,2080T,1
Nicolas Kobelt,2080T,1
Shaoyun Liu,2080T,1
Alexander Maggs,2080T,1
Silvio Mencaglia,2080T,1
Patrik Munkhammar,2080T,1
Boris Pokotilov,2080T,1
Darius Florin Pop,2080T,1
Atharva Sharma,2080T,1
Mikal Statham,2080T,1
Vullnet Tashi,2080T,1
Gabriel Tumasonis,2080T,1
Kian Vakili,2080T,1
Lars Goran Verwerft,2080T,1
Edouard Villoslada,2080T,1
Aditya Vishal Balsekar,2080T,1
Jakub Wojcik,2080T,1
Vitaliy Zatsepin,2080T,1
Benjamin Zuniga Garcia,2080T,1
Alejandro Bancalari,2105T,1
Max Benaim,2105T,1
Alexander Bravo,2105T,1
Antonio Caruso,2105T,1
Felix Einig,2105T,1
Alexander Frusina,2105T,1
Federico Garbero,2105T,1
Seonyong Han,2105T,1
Henri Haupt,2105T,1
Jakub Jedrzejczak,2105T,1
Jack Karlsson Wistrand,2105T,1
Goncalo Marques,2105T,1
Andrea Meduri,2105T,1
Arjun Mehrotra,2105T,1
Daniele Minighini,2105T,1
Saba George Nanobashvili,2105T,1
Gleb Sakharov,2105T,1
Gheorghe Claudiu Schinteie,2105T,1
Miha Vetrih,2105T,1
Lazar Vojinovic,2105T,1
Kerem Yilmaz,2105T,1
Minghui Zhang,2105T,1
Louis Allen,2127T,1
Marco Alvarez,2127T,1
Mateo Luis Alvarez Sarmiento,2127T,1
Guy Den Heijer,2127T,1
Oscar Galimardanov,2127T,1
Jonas Gundacker,2127T,1
Kabir Hans,2127T,1
Ryusuke Horiuchi,2127T,1
Hiromasa Koyama,2127T,1
Arthur Laborde,2127T,1
Noah Lopez,2127T,1
Essa Qabazard,2127T,1
Rafael Segado Esteve,2127T,1
Liam Delicata,2140T,1
Nicolas Garcia Longo,2140T,1
Nicolas Hollender,2140T,1
Aljaz Jeran,2140T,1
Makar Krivoshchekov,2140T,1
Enmanuel Munoz,2140T,1
Rocco Piatti,2140T,1
Matt Ponchet,2140T,1
Nicola Rispoli,2140T,1
Tommaso Schold,2140T,1
Michael Shaw,2140T,1
Guilherme Valdoleiros,2140T,1
Felipe Virgili,2140T,1
Tobias Franco,2153T,1
Viktor Frydrych,2153T,1
Aryan Lakshmanan,2153T,1
Zhan Zheng,2153T,1
Abraham Asaba,2157T,1
Yuttana Charoenphon,2157T,1
Stefan Kostic,2157T,1
Justin Roberts,2157T,1
Mattias Southcombe,2157T,1
Akram El Sallaly,2162T,1
Dmitry Kopilevich,2162T,1
Benjamin Torres,2164,1
